user_id,model,channel,credit,credit_percentage,num_touches
5,last_click,instagram,100.0,100.0,4
5,linear,email,25.0,25.0,4
5,linear,instagram,25.0,25.0,4
5,linear,google_search,25.0,25.0,4
5,linear,instagram,25.0,25.0,4
5,time_decay,email,6.666666666666667,6.666666666666667,4
5,time_decay,instagram,13.333333333333334,13.333333333333334,4
5,time_decay,google_search,26.666666666666668,26.666666666666668,4
5,time_decay,instagram,53.333333333333336,53.333333333333336,4
5,position_based,email,40.0,40.0,4
5,position_based,instagram,9.999999999999998,9.999999999999998,4
5,position_based,google_search,9.999999999999998,9.999999999999998,4
5,position_based,instagram,40.0,40.0,4
7,last_click,instagram,100.0,100.0,3
7,linear,display,33.333333333333336,33.333333333333336,3
7,linear,display,33.333333333333336,33.333333333333336,3
7,linear,instagram,33.333333333333336,33.333333333333336,3
7,time_decay,display,14.285714285714285,14.285714285714285,3
7,time_decay,display,28.57142857142857,28.57142857142857,3
7,time_decay,instagram,57.14285714285714,57.14285714285714,3
7,position_based,display,40.0,40.0,3
7,position_based,display,19.999999999999996,19.999999999999996,3
7,position_based,instagram,40.0,40.0,3
11,last_click,google_search,100.0,100.0,5
11,linear,email,20.0,20.0,5
11,linear,organic,20.0,20.0,5
11,linear,display,20.0,20.0,5
11,linear,facebook,20.0,20.0,5
11,linear,google_search,20.0,20.0,5
11,time_decay,email,3.225806451612903,3.225806451612903,5
11,time_decay,organic,6.451612903225806,6.451612903225806,5
11,time_decay,display,12.903225806451612,12.903225806451612,5
11,time_decay,facebook,25.806451612903224,25.806451612903224,5
11,time_decay,google_search,51.61290322580645,51.61290322580645,5
11,position_based,email,40.0,40.0,5
11,position_based,organic,6.666666666666665,6.666666666666665,5
11,position_based,display,6.666666666666665,6.666666666666665,5
11,position_based,facebook,6.666666666666665,6.666666666666665,5
11,position_based,google_search,40.0,40.0,5
13,last_click,instagram,100.0,100.0,4
13,linear,display,25.0,25.0,4
13,linear,organic,25.0,25.0,4
13,linear,organic,25.0,25.0,4
13,linear,instagram,25.0,25.0,4
13,time_decay,display,6.666666666666667,6.666666666666667,4
13,time_decay,organic,13.333333333333334,13.333333333333334,4
13,time_decay,organic,26.666666666666668,26.666666666666668,4
13,time_decay,instagram,53.333333333333336,53.333333333333336,4
13,position_based,display,40.0,40.0,4
13,position_based,organic,9.999999999999998,9.999999999999998,4
13,position_based,organic,9.999999999999998,9.999999999999998,4
13,position_based,instagram,40.0,40.0,4
14,last_click,instagram,100.0,100.0,7
14,linear,email,14.285714285714286,14.285714285714286,7
14,linear,organic,14.285714285714286,14.285714285714286,7
14,linear,google_search,14.285714285714286,14.285714285714286,7
14,linear,display,14.285714285714286,14.285714285714286,7
14,linear,display,14.285714285714286,14.285714285714286,7
14,linear,display,14.285714285714286,14.285714285714286,7
14,linear,instagram,14.285714285714286,14.285714285714286,7
14,time_decay,email,0.7874015748031495,0.7874015748031495,7
14,time_decay,organic,1.574803149606299,1.574803149606299,7
14,time_decay,google_search,3.149606299212598,3.149606299212598,7
14,time_decay,display,6.299212598425196,6.299212598425196,7
14,time_decay,display,12.598425196850393,12.598425196850393,7
14,time_decay,display,25.196850393700785,25.196850393700785,7
14,time_decay,instagram,50.39370078740157,50.39370078740157,7
14,position_based,email,40.0,40.0,7
14,position_based,organic,3.999999999999999,3.9999999999999996,7
14,position_based,google_search,3.999999999999999,3.9999999999999996,7
14,position_based,display,3.999999999999999,3.9999999999999996,7
14,position_based,display,3.999999999999999,3.9999999999999996,7
14,position_based,display,3.999999999999999,3.9999999999999996,7
14,position_based,instagram,40.0,40.0,7
15,last_click,tiktok,100.0,100.0,4
15,linear,tiktok,25.0,25.0,4
15,linear,display,25.0,25.0,4
15,linear,display,25.0,25.0,4
15,linear,tiktok,25.0,25.0,4
15,time_decay,tiktok,6.666666666666667,6.666666666666667,4
15,time_decay,display,13.333333333333334,13.333333333333334,4
15,time_decay,display,26.666666666666668,26.666666666666668,4
15,time_decay,tiktok,53.333333333333336,53.333333333333336,4
15,position_based,tiktok,40.0,40.0,4
15,position_based,display,9.999999999999998,9.999999999999998,4
15,position_based,display,9.999999999999998,9.999999999999998,4
15,position_based,tiktok,40.0,40.0,4
18,last_click,email,100.0,100.0,5
18,linear,display,20.0,20.0,5
18,linear,organic,20.0,20.0,5
18,linear,facebook,20.0,20.0,5
18,linear,display,20.0,20.0,5
18,linear,email,20.0,20.0,5
18,time_decay,display,3.225806451612903,3.225806451612903,5
18,time_decay,organic,6.451612903225806,6.451612903225806,5
18,time_decay,facebook,12.903225806451612,12.903225806451612,5
18,time_decay,display,25.806451612903224,25.806451612903224,5
18,time_decay,email,51.61290322580645,51.61290322580645,5
18,position_based,display,40.0,40.0,5
18,position_based,organic,6.666666666666665,6.666666666666665,5
18,position_based,facebook,6.666666666666665,6.666666666666665,5
18,position_based,display,6.666666666666665,6.666666666666665,5
18,position_based,email,40.0,40.0,5
21,last_click,tiktok,100.0,100.0,3
21,linear,facebook,33.333333333333336,33.333333333333336,3
21,linear,email,33.333333333333336,33.333333333333336,3
21,linear,tiktok,33.333333333333336,33.333333333333336,3
21,time_decay,facebook,14.285714285714285,14.285714285714285,3
21,time_decay,email,28.57142857142857,28.57142857142857,3
21,time_decay,tiktok,57.14285714285714,57.14285714285714,3
21,position_based,facebook,40.0,40.0,3
21,position_based,email,19.999999999999996,19.999999999999996,3
21,position_based,tiktok,40.0,40.0,3
30,last_click,organic,100.0,100.0,2
30,linear,instagram,50.0,50.0,2
30,linear,organic,50.0,50.0,2
30,time_decay,instagram,33.33333333333333,33.33333333333333,2
30,time_decay,organic,66.66666666666666,66.66666666666666,2
30,position_based,instagram,50.0,50.0,2
30,position_based,organic,50.0,50.0,2
33,last_click,instagram,100.0,100.0,6
33,linear,email,16.666666666666668,16.666666666666668,6
33,linear,instagram,16.666666666666668,16.666666666666668,6
33,linear,instagram,16.666666666666668,16.666666666666668,6
33,linear,tiktok,16.666666666666668,16.666666666666668,6
33,linear,tiktok,16.666666666666668,16.666666666666668,6
33,linear,instagram,16.666666666666668,16.666666666666668,6
33,time_decay,email,1.5873015873015872,1.5873015873015872,6
33,time_decay,instagram,3.1746031746031744,3.1746031746031744,6
33,time_decay,instagram,6.349206349206349,6.349206349206349,6
33,time_decay,tiktok,12.698412698412698,12.698412698412698,6
33,time_decay,tiktok,25.396825396825395,25.396825396825395,6
33,time_decay,instagram,50.79365079365079,50.79365079365079,6
33,position_based,email,40.0,40.0,6
33,position_based,instagram,4.999999999999999,4.999999999999999,6
33,position_based,instagram,4.999999999999999,4.999999999999999,6
33,position_based,tiktok,4.999999999999999,4.999999999999999,6
33,position_based,tiktok,4.999999999999999,4.999999999999999,6
33,position_based,instagram,40.0,40.0,6
48,last_click,display,100.0,100.0,7
48,linear,instagram,14.285714285714286,14.285714285714286,7
48,linear,display,14.285714285714286,14.285714285714286,7
48,linear,google_search,14.285714285714286,14.285714285714286,7
48,linear,instagram,14.285714285714286,14.285714285714286,7
48,linear,email,14.285714285714286,14.285714285714286,7
48,linear,email,14.285714285714286,14.285714285714286,7
48,linear,display,14.285714285714286,14.285714285714286,7
48,time_decay,instagram,0.7874015748031495,0.7874015748031495,7
48,time_decay,display,1.574803149606299,1.574803149606299,7
48,time_decay,google_search,3.149606299212598,3.149606299212598,7
48,time_decay,instagram,6.299212598425196,6.299212598425196,7
48,time_decay,email,12.598425196850393,12.598425196850393,7
48,time_decay,email,25.196850393700785,25.196850393700785,7
48,time_decay,display,50.39370078740157,50.39370078740157,7
48,position_based,instagram,40.0,40.0,7
48,position_based,display,3.999999999999999,3.9999999999999996,7
48,position_based,google_search,3.999999999999999,3.9999999999999996,7
48,position_based,instagram,3.999999999999999,3.9999999999999996,7
48,position_based,email,3.999999999999999,3.9999999999999996,7
48,position_based,email,3.999999999999999,3.9999999999999996,7
48,position_based,display,40.0,40.0,7
57,last_click,email,100.0,100.0,4
57,linear,facebook,25.0,25.0,4
57,linear,tiktok,25.0,25.0,4
57,linear,tiktok,25.0,25.0,4
57,linear,email,25.0,25.0,4
57,time_decay,facebook,6.666666666666667,6.666666666666667,4
57,time_decay,tiktok,13.333333333333334,13.333333333333334,4
57,time_decay,tiktok,26.666666666666668,26.666666666666668,4
57,time_decay,email,53.333333333333336,53.333333333333336,4
57,position_based,facebook,40.0,40.0,4
57,position_based,tiktok,9.999999999999998,9.999999999999998,4
57,position_based,tiktok,9.999999999999998,9.999999999999998,4
57,position_based,email,40.0,40.0,4
67,last_click,display,100.0,100.0,3
67,linear,facebook,33.333333333333336,33.333333333333336,3
67,linear,tiktok,33.333333333333336,33.333333333333336,3
67,linear,display,33.333333333333336,33.333333333333336,3
67,time_decay,facebook,14.285714285714285,14.285714285714285,3
67,time_decay,tiktok,28.57142857142857,28.57142857142857,3
67,time_decay,display,57.14285714285714,57.14285714285714,3
67,position_based,facebook,40.0,40.0,3
67,position_based,tiktok,19.999999999999996,19.999999999999996,3
67,position_based,display,40.0,40.0,3
68,last_click,google_search,100.0,100.0,5
68,linear,facebook,20.0,20.0,5
68,linear,email,20.0,20.0,5
68,linear,organic,20.0,20.0,5
68,linear,display,20.0,20.0,5
68,linear,google_search,20.0,20.0,5
68,time_decay,facebook,3.225806451612903,3.225806451612903,5
68,time_decay,email,6.451612903225806,6.451612903225806,5
68,time_decay,organic,12.903225806451612,12.903225806451612,5
68,time_decay,display,25.806451612903224,25.806451612903224,5
68,time_decay,google_search,51.61290322580645,51.61290322580645,5
68,position_based,facebook,40.0,40.0,5
68,position_based,email,6.666666666666665,6.666666666666665,5
68,position_based,organic,6.666666666666665,6.666666666666665,5
68,position_based,display,6.666666666666665,6.666666666666665,5
68,position_based,google_search,40.0,40.0,5
69,last_click,tiktok,100.0,100.0,9
69,linear,tiktok,11.11111111111111,11.11111111111111,9
69,linear,facebook,11.11111111111111,11.11111111111111,9
69,linear,email,11.11111111111111,11.11111111111111,9
69,linear,tiktok,11.11111111111111,11.11111111111111,9
69,linear,email,11.11111111111111,11.11111111111111,9
69,linear,facebook,11.11111111111111,11.11111111111111,9
69,linear,facebook,11.11111111111111,11.11111111111111,9
69,linear,organic,11.11111111111111,11.11111111111111,9
69,linear,tiktok,11.11111111111111,11.11111111111111,9
69,time_decay,tiktok,0.19569471624266144,0.19569471624266144,9
69,time_decay,facebook,0.3913894324853229,0.3913894324853229,9
69,time_decay,email,0.7827788649706457,0.7827788649706457,9
69,time_decay,tiktok,1.5655577299412915,1.5655577299412915,9
69,time_decay,email,3.131115459882583,3.131115459882583,9
69,time_decay,facebook,6.262230919765166,6.262230919765166,9
69,time_decay,facebook,12.524461839530332,12.524461839530332,9
69,time_decay,organic,25.048923679060664,25.048923679060664,9
69,time_decay,tiktok,50.09784735812133,50.09784735812133,9
69,position_based,tiktok,40.0,40.0,9
69,position_based,facebook,2.8571428571428568,2.8571428571428568,9
69,position_based,email,2.8571428571428568,2.8571428571428568,9
69,position_based,tiktok,2.8571428571428568,2.8571428571428568,9
69,position_based,email,2.8571428571428568,2.8571428571428568,9
69,position_based,facebook,2.8571428571428568,2.8571428571428568,9
69,position_based,facebook,2.8571428571428568,2.8571428571428568,9
69,position_based,organic,2.8571428571428568,2.8571428571428568,9
69,position_based,tiktok,40.0,40.0,9
80,last_click,google_search,100.0,100.0,2
80,linear,google_search,50.0,50.0,2
80,linear,google_search,50.0,50.0,2
80,time_decay,google_search,33.33333333333333,33.33333333333333,2
80,time_decay,google_search,66.66666666666666,66.66666666666666,2
80,position_based,google_search,50.0,50.0,2
80,position_based,google_search,50.0,50.0,2
86,last_click,tiktok,100.0,100.0,4
86,linear,instagram,25.0,25.0,4
86,linear,organic,25.0,25.0,4
86,linear,display,25.0,25.0,4
86,linear,tiktok,25.0,25.0,4
86,time_decay,instagram,6.666666666666667,6.666666666666667,4
86,time_decay,organic,13.333333333333334,13.333333333333334,4
86,time_decay,display,26.666666666666668,26.666666666666668,4
86,time_decay,tiktok,53.333333333333336,53.333333333333336,4
86,position_based,instagram,40.0,40.0,4
86,position_based,organic,9.999999999999998,9.999999999999998,4
86,position_based,display,9.999999999999998,9.999999999999998,4
86,position_based,tiktok,40.0,40.0,4
91,last_click,email,100.0,100.0,2
91,linear,email,50.0,50.0,2
91,linear,email,50.0,50.0,2
91,time_decay,email,33.33333333333333,33.33333333333333,2
91,time_decay,email,66.66666666666666,66.66666666666666,2
91,position_based,email,50.0,50.0,2
91,position_based,email,50.0,50.0,2
93,last_click,email,100.0,100.0,5
93,linear,google_search,20.0,20.0,5
93,linear,facebook,20.0,20.0,5
93,linear,display,20.0,20.0,5
93,linear,email,20.0,20.0,5
93,linear,email,20.0,20.0,5
93,time_decay,google_search,3.225806451612903,3.225806451612903,5
93,time_decay,facebook,6.451612903225806,6.451612903225806,5
93,time_decay,display,12.903225806451612,12.903225806451612,5
93,time_decay,email,25.806451612903224,25.806451612903224,5
93,time_decay,email,51.61290322580645,51.61290322580645,5
93,position_based,google_search,40.0,40.0,5
93,position_based,facebook,6.666666666666665,6.666666666666665,5
93,position_based,display,6.666666666666665,6.666666666666665,5
93,position_based,email,6.666666666666665,6.666666666666665,5
93,position_based,email,40.0,40.0,5
95,last_click,tiktok,100.0,100.0,3
95,linear,tiktok,33.333333333333336,33.333333333333336,3
95,linear,organic,33.333333333333336,33.333333333333336,3
95,linear,tiktok,33.333333333333336,33.333333333333336,3
95,time_decay,tiktok,14.285714285714285,14.285714285714285,3
95,time_decay,organic,28.57142857142857,28.57142857142857,3
95,time_decay,tiktok,57.14285714285714,57.14285714285714,3
95,position_based,tiktok,40.0,40.0,3
95,position_based,organic,19.999999999999996,19.999999999999996,3
95,position_based,tiktok,40.0,40.0,3
98,last_click,google_search,100.0,100.0,2
98,linear,facebook,50.0,50.0,2
98,linear,google_search,50.0,50.0,2
98,time_decay,facebook,33.33333333333333,33.33333333333333,2
98,time_decay,google_search,66.66666666666666,66.66666666666666,2
98,position_based,facebook,50.0,50.0,2
98,position_based,google_search,50.0,50.0,2
107,last_click,email,100.0,100.0,4
107,linear,email,25.0,25.0,4
107,linear,instagram,25.0,25.0,4
107,linear,email,25.0,25.0,4
107,linear,email,25.0,25.0,4
107,time_decay,email,6.666666666666667,6.666666666666667,4
107,time_decay,instagram,13.333333333333334,13.333333333333334,4
107,time_decay,email,26.666666666666668,26.666666666666668,4
107,time_decay,email,53.333333333333336,53.333333333333336,4
107,position_based,email,40.0,40.0,4
107,position_based,instagram,9.999999999999998,9.999999999999998,4
107,position_based,email,9.999999999999998,9.999999999999998,4
107,position_based,email,40.0,40.0,4
111,last_click,google_search,100.0,100.0,5
111,linear,tiktok,20.0,20.0,5
111,linear,facebook,20.0,20.0,5
111,linear,email,20.0,20.0,5
111,linear,display,20.0,20.0,5
111,linear,google_search,20.0,20.0,5
111,time_decay,tiktok,3.225806451612903,3.225806451612903,5
111,time_decay,facebook,6.451612903225806,6.451612903225806,5
111,time_decay,email,12.903225806451612,12.903225806451612,5
111,time_decay,display,25.806451612903224,25.806451612903224,5
111,time_decay,google_search,51.61290322580645,51.61290322580645,5
111,position_based,tiktok,40.0,40.0,5
111,position_based,facebook,6.666666666666665,6.666666666666665,5
111,position_based,email,6.666666666666665,6.666666666666665,5
111,position_based,display,6.666666666666665,6.666666666666665,5
111,position_based,google_search,40.0,40.0,5
124,last_click,google_search,100.0,100.0,6
124,linear,instagram,16.666666666666668,16.666666666666668,6
124,linear,tiktok,16.666666666666668,16.666666666666668,6
124,linear,display,16.666666666666668,16.666666666666668,6
124,linear,facebook,16.666666666666668,16.666666666666668,6
124,linear,tiktok,16.666666666666668,16.666666666666668,6
124,linear,google_search,16.666666666666668,16.666666666666668,6
124,time_decay,instagram,1.5873015873015872,1.5873015873015872,6
124,time_decay,tiktok,3.1746031746031744,3.1746031746031744,6
124,time_decay,display,6.349206349206349,6.349206349206349,6
124,time_decay,facebook,12.698412698412698,12.698412698412698,6
124,time_decay,tiktok,25.396825396825395,25.396825396825395,6
124,time_decay,google_search,50.79365079365079,50.79365079365079,6
124,position_based,instagram,40.0,40.0,6
124,position_based,tiktok,4.999999999999999,4.999999999999999,6
124,position_based,display,4.999999999999999,4.999999999999999,6
124,position_based,facebook,4.999999999999999,4.999999999999999,6
124,position_based,tiktok,4.999999999999999,4.999999999999999,6
124,position_based,google_search,40.0,40.0,6
132,last_click,google_search,100.0,100.0,3
132,linear,display,33.333333333333336,33.333333333333336,3
132,linear,display,33.333333333333336,33.333333333333336,3
132,linear,google_search,33.333333333333336,33.333333333333336,3
132,time_decay,display,14.285714285714285,14.285714285714285,3
132,time_decay,display,28.57142857142857,28.57142857142857,3
132,time_decay,google_search,57.14285714285714,57.14285714285714,3
132,position_based,display,40.0,40.0,3
132,position_based,display,19.999999999999996,19.999999999999996,3
132,position_based,google_search,40.0,40.0,3
143,last_click,google_search,100.0,100.0,6
143,linear,tiktok,16.666666666666668,16.666666666666668,6
143,linear,facebook,16.666666666666668,16.666666666666668,6
143,linear,facebook,16.666666666666668,16.666666666666668,6
143,linear,display,16.666666666666668,16.666666666666668,6
143,linear,instagram,16.666666666666668,16.666666666666668,6
143,linear,google_search,16.666666666666668,16.666666666666668,6
143,time_decay,tiktok,1.5873015873015872,1.5873015873015872,6
143,time_decay,facebook,3.1746031746031744,3.1746031746031744,6
143,time_decay,facebook,6.349206349206349,6.349206349206349,6
143,time_decay,display,12.698412698412698,12.698412698412698,6
143,time_decay,instagram,25.396825396825395,25.396825396825395,6
143,time_decay,google_search,50.79365079365079,50.79365079365079,6
143,position_based,tiktok,40.0,40.0,6
143,position_based,facebook,4.999999999999999,4.999999999999999,6
143,position_based,facebook,4.999999999999999,4.999999999999999,6
143,position_based,display,4.999999999999999,4.999999999999999,6
143,position_based,instagram,4.999999999999999,4.999999999999999,6
143,position_based,google_search,40.0,40.0,6
156,last_click,display,100.0,100.0,4
156,linear,instagram,25.0,25.0,4
156,linear,email,25.0,25.0,4
156,linear,organic,25.0,25.0,4
156,linear,display,25.0,25.0,4
156,time_decay,instagram,6.666666666666667,6.666666666666667,4
156,time_decay,email,13.333333333333334,13.333333333333334,4
156,time_decay,organic,26.666666666666668,26.666666666666668,4
156,time_decay,display,53.333333333333336,53.333333333333336,4
156,position_based,instagram,40.0,40.0,4
156,position_based,email,9.999999999999998,9.999999999999998,4
156,position_based,organic,9.999999999999998,9.999999999999998,4
156,position_based,display,40.0,40.0,4
159,last_click,display,100.0,100.0,8
159,linear,tiktok,12.5,12.5,8
159,linear,instagram,12.5,12.5,8
159,linear,facebook,12.5,12.5,8
159,linear,instagram,12.5,12.5,8
159,linear,instagram,12.5,12.5,8
159,linear,email,12.5,12.5,8
159,linear,tiktok,12.5,12.5,8
159,linear,display,12.5,12.5,8
159,time_decay,tiktok,0.39215686274509803,0.39215686274509803,8
159,time_decay,instagram,0.7843137254901961,0.7843137254901961,8
159,time_decay,facebook,1.5686274509803921,1.5686274509803921,8
159,time_decay,instagram,3.1372549019607843,3.1372549019607843,8
159,time_decay,instagram,6.2745098039215685,6.2745098039215685,8
159,time_decay,email,12.549019607843137,12.549019607843137,8
159,time_decay,tiktok,25.098039215686274,25.098039215686274,8
159,time_decay,display,50.19607843137255,50.19607843137255,8
159,position_based,tiktok,40.0,40.0,8
159,position_based,instagram,3.3333333333333326,3.3333333333333326,8
159,position_based,facebook,3.3333333333333326,3.3333333333333326,8
159,position_based,instagram,3.3333333333333326,3.3333333333333326,8
159,position_based,instagram,3.3333333333333326,3.3333333333333326,8
159,position_based,email,3.3333333333333326,3.3333333333333326,8
159,position_based,tiktok,3.3333333333333326,3.3333333333333326,8
159,position_based,display,40.0,40.0,8
160,last_click,google_search,100.0,100.0,2
160,linear,instagram,50.0,50.0,2
160,linear,google_search,50.0,50.0,2
160,time_decay,instagram,33.33333333333333,33.33333333333333,2
160,time_decay,google_search,66.66666666666666,66.66666666666666,2
160,position_based,instagram,50.0,50.0,2
160,position_based,google_search,50.0,50.0,2
166,last_click,google_search,100.0,100.0,3
166,linear,display,33.333333333333336,33.333333333333336,3
166,linear,organic,33.333333333333336,33.333333333333336,3
166,linear,google_search,33.333333333333336,33.333333333333336,3
166,time_decay,display,14.285714285714285,14.285714285714285,3
166,time_decay,organic,28.57142857142857,28.57142857142857,3
166,time_decay,google_search,57.14285714285714,57.14285714285714,3
166,position_based,display,40.0,40.0,3
166,position_based,organic,19.999999999999996,19.999999999999996,3
166,position_based,google_search,40.0,40.0,3
168,last_click,instagram,100.0,100.0,2
168,linear,facebook,50.0,50.0,2
168,linear,instagram,50.0,50.0,2
168,time_decay,facebook,33.33333333333333,33.33333333333333,2
168,time_decay,instagram,66.66666666666666,66.66666666666666,2
168,position_based,facebook,50.0,50.0,2
168,position_based,instagram,50.0,50.0,2
174,last_click,facebook,100.0,100.0,7
174,linear,display,14.285714285714286,14.285714285714286,7
174,linear,display,14.285714285714286,14.285714285714286,7
174,linear,facebook,14.285714285714286,14.285714285714286,7
174,linear,google_search,14.285714285714286,14.285714285714286,7
174,linear,google_search,14.285714285714286,14.285714285714286,7
174,linear,instagram,14.285714285714286,14.285714285714286,7
174,linear,facebook,14.285714285714286,14.285714285714286,7
174,time_decay,display,0.7874015748031495,0.7874015748031495,7
174,time_decay,display,1.574803149606299,1.574803149606299,7
174,time_decay,facebook,3.149606299212598,3.149606299212598,7
174,time_decay,google_search,6.299212598425196,6.299212598425196,7
174,time_decay,google_search,12.598425196850393,12.598425196850393,7
174,time_decay,instagram,25.196850393700785,25.196850393700785,7
174,time_decay,facebook,50.39370078740157,50.39370078740157,7
174,position_based,display,40.0,40.0,7
174,position_based,display,3.999999999999999,3.9999999999999996,7
174,position_based,facebook,3.999999999999999,3.9999999999999996,7
174,position_based,google_search,3.999999999999999,3.9999999999999996,7
174,position_based,google_search,3.999999999999999,3.9999999999999996,7
174,position_based,instagram,3.999999999999999,3.9999999999999996,7
174,position_based,facebook,40.0,40.0,7
176,last_click,facebook,100.0,100.0,3
176,linear,display,33.333333333333336,33.333333333333336,3
176,linear,email,33.333333333333336,33.333333333333336,3
176,linear,facebook,33.333333333333336,33.333333333333336,3
176,time_decay,display,14.285714285714285,14.285714285714285,3
176,time_decay,email,28.57142857142857,28.57142857142857,3
176,time_decay,facebook,57.14285714285714,57.14285714285714,3
176,position_based,display,40.0,40.0,3
176,position_based,email,19.999999999999996,19.999999999999996,3
176,position_based,facebook,40.0,40.0,3
178,last_click,google_search,100.0,100.0,6
178,linear,email,16.666666666666668,16.666666666666668,6
178,linear,instagram,16.666666666666668,16.666666666666668,6
178,linear,instagram,16.666666666666668,16.666666666666668,6
178,linear,facebook,16.666666666666668,16.666666666666668,6
178,linear,facebook,16.666666666666668,16.666666666666668,6
178,linear,google_search,16.666666666666668,16.666666666666668,6
178,time_decay,email,1.5873015873015872,1.5873015873015872,6
178,time_decay,instagram,3.1746031746031744,3.1746031746031744,6
178,time_decay,instagram,6.349206349206349,6.349206349206349,6
178,time_decay,facebook,12.698412698412698,12.698412698412698,6
178,time_decay,facebook,25.396825396825395,25.396825396825395,6
178,time_decay,google_search,50.79365079365079,50.79365079365079,6
178,position_based,email,40.0,40.0,6
178,position_based,instagram,4.999999999999999,4.999999999999999,6
178,position_based,instagram,4.999999999999999,4.999999999999999,6
178,position_based,facebook,4.999999999999999,4.999999999999999,6
178,position_based,facebook,4.999999999999999,4.999999999999999,6
178,position_based,google_search,40.0,40.0,6
182,last_click,display,100.0,100.0,8
182,linear,organic,12.5,12.5,8
182,linear,facebook,12.5,12.5,8
182,linear,organic,12.5,12.5,8
182,linear,google_search,12.5,12.5,8
182,linear,organic,12.5,12.5,8
182,linear,tiktok,12.5,12.5,8
182,linear,organic,12.5,12.5,8
182,linear,display,12.5,12.5,8
182,time_decay,organic,0.39215686274509803,0.39215686274509803,8
182,time_decay,facebook,0.7843137254901961,0.7843137254901961,8
182,time_decay,organic,1.5686274509803921,1.5686274509803921,8
182,time_decay,google_search,3.1372549019607843,3.1372549019607843,8
182,time_decay,organic,6.2745098039215685,6.2745098039215685,8
182,time_decay,tiktok,12.549019607843137,12.549019607843137,8
182,time_decay,organic,25.098039215686274,25.098039215686274,8
182,time_decay,display,50.19607843137255,50.19607843137255,8
182,position_based,organic,40.0,40.0,8
182,position_based,facebook,3.3333333333333326,3.3333333333333326,8
182,position_based,organic,3.3333333333333326,3.3333333333333326,8
182,position_based,google_search,3.3333333333333326,3.3333333333333326,8
182,position_based,organic,3.3333333333333326,3.3333333333333326,8
182,position_based,tiktok,3.3333333333333326,3.3333333333333326,8
182,position_based,organic,3.3333333333333326,3.3333333333333326,8
182,position_based,display,40.0,40.0,8
195,last_click,google_search,100.0,100.0,5
195,linear,tiktok,20.0,20.0,5
195,linear,facebook,20.0,20.0,5
195,linear,google_search,20.0,20.0,5
195,linear,instagram,20.0,20.0,5
195,linear,google_search,20.0,20.0,5
195,time_decay,tiktok,3.225806451612903,3.225806451612903,5
195,time_decay,facebook,6.451612903225806,6.451612903225806,5
195,time_decay,google_search,12.903225806451612,12.903225806451612,5
195,time_decay,instagram,25.806451612903224,25.806451612903224,5
195,time_decay,google_search,51.61290322580645,51.61290322580645,5
195,position_based,tiktok,40.0,40.0,5
195,position_based,facebook,6.666666666666665,6.666666666666665,5
195,position_based,google_search,6.666666666666665,6.666666666666665,5
195,position_based,instagram,6.666666666666665,6.666666666666665,5
195,position_based,google_search,40.0,40.0,5
224,last_click,instagram,100.0,100.0,8
224,linear,email,12.5,12.5,8
224,linear,email,12.5,12.5,8
224,linear,display,12.5,12.5,8
224,linear,facebook,12.5,12.5,8
224,linear,instagram,12.5,12.5,8
224,linear,organic,12.5,12.5,8
224,linear,instagram,12.5,12.5,8
224,linear,instagram,12.5,12.5,8
224,time_decay,email,0.39215686274509803,0.39215686274509803,8
224,time_decay,email,0.7843137254901961,0.7843137254901961,8
224,time_decay,display,1.5686274509803921,1.5686274509803921,8
224,time_decay,facebook,3.1372549019607843,3.1372549019607843,8
224,time_decay,instagram,6.2745098039215685,6.2745098039215685,8
224,time_decay,organic,12.549019607843137,12.549019607843137,8
224,time_decay,instagram,25.098039215686274,25.098039215686274,8
224,time_decay,instagram,50.19607843137255,50.19607843137255,8
224,position_based,email,40.0,40.0,8
224,position_based,email,3.3333333333333326,3.3333333333333326,8
224,position_based,display,3.3333333333333326,3.3333333333333326,8
224,position_based,facebook,3.3333333333333326,3.3333333333333326,8
224,position_based,instagram,3.3333333333333326,3.3333333333333326,8
224,position_based,organic,3.3333333333333326,3.3333333333333326,8
224,position_based,instagram,3.3333333333333326,3.3333333333333326,8
224,position_based,instagram,40.0,40.0,8
230,last_click,google_search,100.0,100.0,3
230,linear,organic,33.333333333333336,33.333333333333336,3
230,linear,email,33.333333333333336,33.333333333333336,3
230,linear,google_search,33.333333333333336,33.333333333333336,3
230,time_decay,organic,14.285714285714285,14.285714285714285,3
230,time_decay,email,28.57142857142857,28.57142857142857,3
230,time_decay,google_search,57.14285714285714,57.14285714285714,3
230,position_based,organic,40.0,40.0,3
230,position_based,email,19.999999999999996,19.999999999999996,3
230,position_based,google_search,40.0,40.0,3
231,last_click,tiktok,100.0,100.0,6
231,linear,instagram,16.666666666666668,16.666666666666668,6
231,linear,tiktok,16.666666666666668,16.666666666666668,6
231,linear,display,16.666666666666668,16.666666666666668,6
231,linear,google_search,16.666666666666668,16.666666666666668,6
231,linear,google_search,16.666666666666668,16.666666666666668,6
231,linear,tiktok,16.666666666666668,16.666666666666668,6
231,time_decay,instagram,1.5873015873015872,1.5873015873015872,6
231,time_decay,tiktok,3.1746031746031744,3.1746031746031744,6
231,time_decay,display,6.349206349206349,6.349206349206349,6
231,time_decay,google_search,12.698412698412698,12.698412698412698,6
231,time_decay,google_search,25.396825396825395,25.396825396825395,6
231,time_decay,tiktok,50.79365079365079,50.79365079365079,6
231,position_based,instagram,40.0,40.0,6
231,position_based,tiktok,4.999999999999999,4.999999999999999,6
231,position_based,display,4.999999999999999,4.999999999999999,6
231,position_based,google_search,4.999999999999999,4.999999999999999,6
231,position_based,google_search,4.999999999999999,4.999999999999999,6
231,position_based,tiktok,40.0,40.0,6
232,last_click,display,100.0,100.0,5
232,linear,instagram,20.0,20.0,5
232,linear,google_search,20.0,20.0,5
232,linear,display,20.0,20.0,5
232,linear,email,20.0,20.0,5
232,linear,display,20.0,20.0,5
232,time_decay,instagram,3.225806451612903,3.225806451612903,5
232,time_decay,google_search,6.451612903225806,6.451612903225806,5
232,time_decay,display,12.903225806451612,12.903225806451612,5
232,time_decay,email,25.806451612903224,25.806451612903224,5
232,time_decay,display,51.61290322580645,51.61290322580645,5
232,position_based,instagram,40.0,40.0,5
232,position_based,google_search,6.666666666666665,6.666666666666665,5
232,position_based,display,6.666666666666665,6.666666666666665,5
232,position_based,email,6.666666666666665,6.666666666666665,5
232,position_based,display,40.0,40.0,5
233,last_click,instagram,100.0,100.0,4
233,linear,tiktok,25.0,25.0,4
233,linear,google_search,25.0,25.0,4
233,linear,google_search,25.0,25.0,4
233,linear,instagram,25.0,25.0,4
233,time_decay,tiktok,6.666666666666667,6.666666666666667,4
233,time_decay,google_search,13.333333333333334,13.333333333333334,4
233,time_decay,google_search,26.666666666666668,26.666666666666668,4
233,time_decay,instagram,53.333333333333336,53.333333333333336,4
233,position_based,tiktok,40.0,40.0,4
233,position_based,google_search,9.999999999999998,9.999999999999998,4
233,position_based,google_search,9.999999999999998,9.999999999999998,4
233,position_based,instagram,40.0,40.0,4
239,last_click,google_search,100.0,100.0,3
239,linear,google_search,33.333333333333336,33.333333333333336,3
239,linear,email,33.333333333333336,33.333333333333336,3
239,linear,google_search,33.333333333333336,33.333333333333336,3
239,time_decay,google_search,14.285714285714285,14.285714285714285,3
239,time_decay,email,28.57142857142857,28.57142857142857,3
239,time_decay,google_search,57.14285714285714,57.14285714285714,3
239,position_based,google_search,40.0,40.0,3
239,position_based,email,19.999999999999996,19.999999999999996,3
239,position_based,google_search,40.0,40.0,3
247,last_click,google_search,100.0,100.0,5
247,linear,instagram,20.0,20.0,5
247,linear,email,20.0,20.0,5
247,linear,google_search,20.0,20.0,5
247,linear,instagram,20.0,20.0,5
247,linear,google_search,20.0,20.0,5
247,time_decay,instagram,3.225806451612903,3.225806451612903,5
247,time_decay,email,6.451612903225806,6.451612903225806,5
247,time_decay,google_search,12.903225806451612,12.903225806451612,5
247,time_decay,instagram,25.806451612903224,25.806451612903224,5
247,time_decay,google_search,51.61290322580645,51.61290322580645,5
247,position_based,instagram,40.0,40.0,5
247,position_based,email,6.666666666666665,6.666666666666665,5
247,position_based,google_search,6.666666666666665,6.666666666666665,5
247,position_based,instagram,6.666666666666665,6.666666666666665,5
247,position_based,google_search,40.0,40.0,5
248,last_click,google_search,100.0,100.0,5
248,linear,instagram,20.0,20.0,5
248,linear,google_search,20.0,20.0,5
248,linear,facebook,20.0,20.0,5
248,linear,google_search,20.0,20.0,5
248,linear,google_search,20.0,20.0,5
248,time_decay,instagram,3.225806451612903,3.225806451612903,5
248,time_decay,google_search,6.451612903225806,6.451612903225806,5
248,time_decay,facebook,12.903225806451612,12.903225806451612,5
248,time_decay,google_search,25.806451612903224,25.806451612903224,5
248,time_decay,google_search,51.61290322580645,51.61290322580645,5
248,position_based,instagram,40.0,40.0,5
248,position_based,google_search,6.666666666666665,6.666666666666665,5
248,position_based,facebook,6.666666666666665,6.666666666666665,5
248,position_based,google_search,6.666666666666665,6.666666666666665,5
248,position_based,google_search,40.0,40.0,5
250,last_click,google_search,100.0,100.0,3
250,linear,email,33.333333333333336,33.333333333333336,3
250,linear,display,33.333333333333336,33.333333333333336,3
250,linear,google_search,33.333333333333336,33.333333333333336,3
250,time_decay,email,14.285714285714285,14.285714285714285,3
250,time_decay,display,28.57142857142857,28.57142857142857,3
250,time_decay,google_search,57.14285714285714,57.14285714285714,3
250,position_based,email,40.0,40.0,3
250,position_based,display,19.999999999999996,19.999999999999996,3
250,position_based,google_search,40.0,40.0,3
252,last_click,display,100.0,100.0,6
252,linear,facebook,16.666666666666668,16.666666666666668,6
252,linear,email,16.666666666666668,16.666666666666668,6
252,linear,tiktok,16.666666666666668,16.666666666666668,6
252,linear,google_search,16.666666666666668,16.666666666666668,6
252,linear,google_search,16.666666666666668,16.666666666666668,6
252,linear,display,16.666666666666668,16.666666666666668,6
252,time_decay,facebook,1.5873015873015872,1.5873015873015872,6
252,time_decay,email,3.1746031746031744,3.1746031746031744,6
252,time_decay,tiktok,6.349206349206349,6.349206349206349,6
252,time_decay,google_search,12.698412698412698,12.698412698412698,6
252,time_decay,google_search,25.396825396825395,25.396825396825395,6
252,time_decay,display,50.79365079365079,50.79365079365079,6
252,position_based,facebook,40.0,40.0,6
252,position_based,email,4.999999999999999,4.999999999999999,6
252,position_based,tiktok,4.999999999999999,4.999999999999999,6
252,position_based,google_search,4.999999999999999,4.999999999999999,6
252,position_based,google_search,4.999999999999999,4.999999999999999,6
252,position_based,display,40.0,40.0,6
253,last_click,google_search,100.0,100.0,2
253,linear,instagram,50.0,50.0,2
253,linear,google_search,50.0,50.0,2
253,time_decay,instagram,33.33333333333333,33.33333333333333,2
253,time_decay,google_search,66.66666666666666,66.66666666666666,2
253,position_based,instagram,50.0,50.0,2
253,position_based,google_search,50.0,50.0,2
257,last_click,instagram,100.0,100.0,2
257,linear,facebook,50.0,50.0,2
257,linear,instagram,50.0,50.0,2
257,time_decay,facebook,33.33333333333333,33.33333333333333,2
257,time_decay,instagram,66.66666666666666,66.66666666666666,2
257,position_based,facebook,50.0,50.0,2
257,position_based,instagram,50.0,50.0,2
276,last_click,google_search,100.0,100.0,3
276,linear,tiktok,33.333333333333336,33.333333333333336,3
276,linear,email,33.333333333333336,33.333333333333336,3
276,linear,google_search,33.333333333333336,33.333333333333336,3
276,time_decay,tiktok,14.285714285714285,14.285714285714285,3
276,time_decay,email,28.57142857142857,28.57142857142857,3
276,time_decay,google_search,57.14285714285714,57.14285714285714,3
276,position_based,tiktok,40.0,40.0,3
276,position_based,email,19.999999999999996,19.999999999999996,3
276,position_based,google_search,40.0,40.0,3
279,last_click,google_search,100.0,100.0,3
279,linear,facebook,33.333333333333336,33.333333333333336,3
279,linear,google_search,33.333333333333336,33.333333333333336,3
279,linear,google_search,33.333333333333336,33.333333333333336,3
279,time_decay,facebook,14.285714285714285,14.285714285714285,3
279,time_decay,google_search,28.57142857142857,28.57142857142857,3
279,time_decay,google_search,57.14285714285714,57.14285714285714,3
279,position_based,facebook,40.0,40.0,3
279,position_based,google_search,19.999999999999996,19.999999999999996,3
279,position_based,google_search,40.0,40.0,3
289,last_click,google_search,100.0,100.0,2
289,linear,organic,50.0,50.0,2
289,linear,google_search,50.0,50.0,2
289,time_decay,organic,33.33333333333333,33.33333333333333,2
289,time_decay,google_search,66.66666666666666,66.66666666666666,2
289,position_based,organic,50.0,50.0,2
289,position_based,google_search,50.0,50.0,2
292,last_click,organic,100.0,100.0,9
292,linear,google_search,11.11111111111111,11.11111111111111,9
292,linear,instagram,11.11111111111111,11.11111111111111,9
292,linear,organic,11.11111111111111,11.11111111111111,9
292,linear,organic,11.11111111111111,11.11111111111111,9
292,linear,tiktok,11.11111111111111,11.11111111111111,9
292,linear,facebook,11.11111111111111,11.11111111111111,9
292,linear,tiktok,11.11111111111111,11.11111111111111,9
292,linear,organic,11.11111111111111,11.11111111111111,9
292,linear,organic,11.11111111111111,11.11111111111111,9
292,time_decay,google_search,0.19569471624266144,0.19569471624266144,9
292,time_decay,instagram,0.3913894324853229,0.3913894324853229,9
292,time_decay,organic,0.7827788649706457,0.7827788649706457,9
292,time_decay,organic,1.5655577299412915,1.5655577299412915,9
292,time_decay,tiktok,3.131115459882583,3.131115459882583,9
292,time_decay,facebook,6.262230919765166,6.262230919765166,9
292,time_decay,tiktok,12.524461839530332,12.524461839530332,9
292,time_decay,organic,25.048923679060664,25.048923679060664,9
292,time_decay,organic,50.09784735812133,50.09784735812133,9
292,position_based,google_search,40.0,40.0,9
292,position_based,instagram,2.8571428571428568,2.8571428571428568,9
292,position_based,organic,2.8571428571428568,2.8571428571428568,9
292,position_based,organic,2.8571428571428568,2.8571428571428568,9
292,position_based,tiktok,2.8571428571428568,2.8571428571428568,9
292,position_based,facebook,2.8571428571428568,2.8571428571428568,9
292,position_based,tiktok,2.8571428571428568,2.8571428571428568,9
292,position_based,organic,2.8571428571428568,2.8571428571428568,9
292,position_based,organic,40.0,40.0,9
320,last_click,google_search,100.0,100.0,2
320,linear,display,50.0,50.0,2
320,linear,google_search,50.0,50.0,2
320,time_decay,display,33.33333333333333,33.33333333333333,2
320,time_decay,google_search,66.66666666666666,66.66666666666666,2
320,position_based,display,50.0,50.0,2
320,position_based,google_search,50.0,50.0,2
322,last_click,email,100.0,100.0,4
322,linear,facebook,25.0,25.0,4
322,linear,email,25.0,25.0,4
322,linear,organic,25.0,25.0,4
322,linear,email,25.0,25.0,4
322,time_decay,facebook,6.666666666666667,6.666666666666667,4
322,time_decay,email,13.333333333333334,13.333333333333334,4
322,time_decay,organic,26.666666666666668,26.666666666666668,4
322,time_decay,email,53.333333333333336,53.333333333333336,4
322,position_based,facebook,40.0,40.0,4
322,position_based,email,9.999999999999998,9.999999999999998,4
322,position_based,organic,9.999999999999998,9.999999999999998,4
322,position_based,email,40.0,40.0,4
325,last_click,email,100.0,100.0,5
325,linear,facebook,20.0,20.0,5
325,linear,organic,20.0,20.0,5
325,linear,facebook,20.0,20.0,5
325,linear,display,20.0,20.0,5
325,linear,email,20.0,20.0,5
325,time_decay,facebook,3.225806451612903,3.225806451612903,5
325,time_decay,organic,6.451612903225806,6.451612903225806,5
325,time_decay,facebook,12.903225806451612,12.903225806451612,5
325,time_decay,display,25.806451612903224,25.806451612903224,5
325,time_decay,email,51.61290322580645,51.61290322580645,5
325,position_based,facebook,40.0,40.0,5
325,position_based,organic,6.666666666666665,6.666666666666665,5
325,position_based,facebook,6.666666666666665,6.666666666666665,5
325,position_based,display,6.666666666666665,6.666666666666665,5
325,position_based,email,40.0,40.0,5
328,last_click,tiktok,100.0,100.0,4
328,linear,organic,25.0,25.0,4
328,linear,instagram,25.0,25.0,4
328,linear,tiktok,25.0,25.0,4
328,linear,tiktok,25.0,25.0,4
328,time_decay,organic,6.666666666666667,6.666666666666667,4
328,time_decay,instagram,13.333333333333334,13.333333333333334,4
328,time_decay,tiktok,26.666666666666668,26.666666666666668,4
328,time_decay,tiktok,53.333333333333336,53.333333333333336,4
328,position_based,organic,40.0,40.0,4
328,position_based,instagram,9.999999999999998,9.999999999999998,4
328,position_based,tiktok,9.999999999999998,9.999999999999998,4
328,position_based,tiktok,40.0,40.0,4
340,last_click,tiktok,100.0,100.0,3
340,linear,organic,33.333333333333336,33.333333333333336,3
340,linear,facebook,33.333333333333336,33.333333333333336,3
340,linear,tiktok,33.333333333333336,33.333333333333336,3
340,time_decay,organic,14.285714285714285,14.285714285714285,3
340,time_decay,facebook,28.57142857142857,28.57142857142857,3
340,time_decay,tiktok,57.14285714285714,57.14285714285714,3
340,position_based,organic,40.0,40.0,3
340,position_based,facebook,19.999999999999996,19.999999999999996,3
340,position_based,tiktok,40.0,40.0,3
343,last_click,google_search,100.0,100.0,3
343,linear,tiktok,33.333333333333336,33.333333333333336,3
343,linear,google_search,33.333333333333336,33.333333333333336,3
343,linear,google_search,33.333333333333336,33.333333333333336,3
343,time_decay,tiktok,14.285714285714285,14.285714285714285,3
343,time_decay,google_search,28.57142857142857,28.57142857142857,3
343,time_decay,google_search,57.14285714285714,57.14285714285714,3
343,position_based,tiktok,40.0,40.0,3
343,position_based,google_search,19.999999999999996,19.999999999999996,3
343,position_based,google_search,40.0,40.0,3
346,last_click,display,100.0,100.0,3
346,linear,organic,33.333333333333336,33.333333333333336,3
346,linear,google_search,33.333333333333336,33.333333333333336,3
346,linear,display,33.333333333333336,33.333333333333336,3
346,time_decay,organic,14.285714285714285,14.285714285714285,3
346,time_decay,google_search,28.57142857142857,28.57142857142857,3
346,time_decay,display,57.14285714285714,57.14285714285714,3
346,position_based,organic,40.0,40.0,3
346,position_based,google_search,19.999999999999996,19.999999999999996,3
346,position_based,display,40.0,40.0,3
370,last_click,google_search,100.0,100.0,5
370,linear,display,20.0,20.0,5
370,linear,facebook,20.0,20.0,5
370,linear,tiktok,20.0,20.0,5
370,linear,organic,20.0,20.0,5
370,linear,google_search,20.0,20.0,5
370,time_decay,display,3.225806451612903,3.225806451612903,5
370,time_decay,facebook,6.451612903225806,6.451612903225806,5
370,time_decay,tiktok,12.903225806451612,12.903225806451612,5
370,time_decay,organic,25.806451612903224,25.806451612903224,5
370,time_decay,google_search,51.61290322580645,51.61290322580645,5
370,position_based,display,40.0,40.0,5
370,position_based,facebook,6.666666666666665,6.666666666666665,5
370,position_based,tiktok,6.666666666666665,6.666666666666665,5
370,position_based,organic,6.666666666666665,6.666666666666665,5
370,position_based,google_search,40.0,40.0,5
372,last_click,email,100.0,100.0,6
372,linear,display,16.666666666666668,16.666666666666668,6
372,linear,google_search,16.666666666666668,16.666666666666668,6
372,linear,display,16.666666666666668,16.666666666666668,6
372,linear,display,16.666666666666668,16.666666666666668,6
372,linear,tiktok,16.666666666666668,16.666666666666668,6
372,linear,email,16.666666666666668,16.666666666666668,6
372,time_decay,display,1.5873015873015872,1.5873015873015872,6
372,time_decay,google_search,3.1746031746031744,3.1746031746031744,6
372,time_decay,display,6.349206349206349,6.349206349206349,6
372,time_decay,display,12.698412698412698,12.698412698412698,6
372,time_decay,tiktok,25.396825396825395,25.396825396825395,6
372,time_decay,email,50.79365079365079,50.79365079365079,6
372,position_based,display,40.0,40.0,6
372,position_based,google_search,4.999999999999999,4.999999999999999,6
372,position_based,display,4.999999999999999,4.999999999999999,6
372,position_based,display,4.999999999999999,4.999999999999999,6
372,position_based,tiktok,4.999999999999999,4.999999999999999,6
372,position_based,email,40.0,40.0,6
383,last_click,tiktok,100.0,100.0,4
383,linear,google_search,25.0,25.0,4
383,linear,facebook,25.0,25.0,4
383,linear,google_search,25.0,25.0,4
383,linear,tiktok,25.0,25.0,4
383,time_decay,google_search,6.666666666666667,6.666666666666667,4
383,time_decay,facebook,13.333333333333334,13.333333333333334,4
383,time_decay,google_search,26.666666666666668,26.666666666666668,4
383,time_decay,tiktok,53.333333333333336,53.333333333333336,4
383,position_based,google_search,40.0,40.0,4
383,position_based,facebook,9.999999999999998,9.999999999999998,4
383,position_based,google_search,9.999999999999998,9.999999999999998,4
383,position_based,tiktok,40.0,40.0,4
386,last_click,display,100.0,100.0,4
386,linear,instagram,25.0,25.0,4
386,linear,display,25.0,25.0,4
386,linear,google_search,25.0,25.0,4
386,linear,display,25.0,25.0,4
386,time_decay,instagram,6.666666666666667,6.666666666666667,4
386,time_decay,display,13.333333333333334,13.333333333333334,4
386,time_decay,google_search,26.666666666666668,26.666666666666668,4
386,time_decay,display,53.333333333333336,53.333333333333336,4
386,position_based,instagram,40.0,40.0,4
386,position_based,display,9.999999999999998,9.999999999999998,4
386,position_based,google_search,9.999999999999998,9.999999999999998,4
386,position_based,display,40.0,40.0,4
387,last_click,facebook,100.0,100.0,3
387,linear,email,33.333333333333336,33.333333333333336,3
387,linear,tiktok,33.333333333333336,33.333333333333336,3
387,linear,facebook,33.333333333333336,33.333333333333336,3
387,time_decay,email,14.285714285714285,14.285714285714285,3
387,time_decay,tiktok,28.57142857142857,28.57142857142857,3
387,time_decay,facebook,57.14285714285714,57.14285714285714,3
387,position_based,email,40.0,40.0,3
387,position_based,tiktok,19.999999999999996,19.999999999999996,3
387,position_based,facebook,40.0,40.0,3
393,last_click,google_search,100.0,100.0,3
393,linear,google_search,33.333333333333336,33.333333333333336,3
393,linear,tiktok,33.333333333333336,33.333333333333336,3
393,linear,google_search,33.333333333333336,33.333333333333336,3
393,time_decay,google_search,14.285714285714285,14.285714285714285,3
393,time_decay,tiktok,28.57142857142857,28.57142857142857,3
393,time_decay,google_search,57.14285714285714,57.14285714285714,3
393,position_based,google_search,40.0,40.0,3
393,position_based,tiktok,19.999999999999996,19.999999999999996,3
393,position_based,google_search,40.0,40.0,3
397,last_click,tiktok,100.0,100.0,2
397,linear,display,50.0,50.0,2
397,linear,tiktok,50.0,50.0,2
397,time_decay,display,33.33333333333333,33.33333333333333,2
397,time_decay,tiktok,66.66666666666666,66.66666666666666,2
397,position_based,display,50.0,50.0,2
397,position_based,tiktok,50.0,50.0,2
398,last_click,google_search,100.0,100.0,4
398,linear,facebook,25.0,25.0,4
398,linear,email,25.0,25.0,4
398,linear,display,25.0,25.0,4
398,linear,google_search,25.0,25.0,4
398,time_decay,facebook,6.666666666666667,6.666666666666667,4
398,time_decay,email,13.333333333333334,13.333333333333334,4
398,time_decay,display,26.666666666666668,26.666666666666668,4
398,time_decay,google_search,53.333333333333336,53.333333333333336,4
398,position_based,facebook,40.0,40.0,4
398,position_based,email,9.999999999999998,9.999999999999998,4
398,position_based,display,9.999999999999998,9.999999999999998,4
398,position_based,google_search,40.0,40.0,4
408,last_click,facebook,100.0,100.0,4
408,linear,display,25.0,25.0,4
408,linear,email,25.0,25.0,4
408,linear,email,25.0,25.0,4
408,linear,facebook,25.0,25.0,4
408,time_decay,display,6.666666666666667,6.666666666666667,4
408,time_decay,email,13.333333333333334,13.333333333333334,4
408,time_decay,email,26.666666666666668,26.666666666666668,4
408,time_decay,facebook,53.333333333333336,53.333333333333336,4
408,position_based,display,40.0,40.0,4
408,position_based,email,9.999999999999998,9.999999999999998,4
408,position_based,email,9.999999999999998,9.999999999999998,4
408,position_based,facebook,40.0,40.0,4
417,last_click,facebook,100.0,100.0,3
417,linear,organic,33.333333333333336,33.333333333333336,3
417,linear,instagram,33.333333333333336,33.333333333333336,3
417,linear,facebook,33.333333333333336,33.333333333333336,3
417,time_decay,organic,14.285714285714285,14.285714285714285,3
417,time_decay,instagram,28.57142857142857,28.57142857142857,3
417,time_decay,facebook,57.14285714285714,57.14285714285714,3
417,position_based,organic,40.0,40.0,3
417,position_based,instagram,19.999999999999996,19.999999999999996,3
417,position_based,facebook,40.0,40.0,3
465,last_click,facebook,100.0,100.0,2
465,linear,instagram,50.0,50.0,2
465,linear,facebook,50.0,50.0,2
465,time_decay,instagram,33.33333333333333,33.33333333333333,2
465,time_decay,facebook,66.66666666666666,66.66666666666666,2
465,position_based,instagram,50.0,50.0,2
465,position_based,facebook,50.0,50.0,2
481,last_click,google_search,100.0,100.0,2
481,linear,google_search,50.0,50.0,2
481,linear,google_search,50.0,50.0,2
481,time_decay,google_search,33.33333333333333,33.33333333333333,2
481,time_decay,google_search,66.66666666666666,66.66666666666666,2
481,position_based,google_search,50.0,50.0,2
481,position_based,google_search,50.0,50.0,2
484,last_click,google_search,100.0,100.0,2
484,linear,instagram,50.0,50.0,2
484,linear,google_search,50.0,50.0,2
484,time_decay,instagram,33.33333333333333,33.33333333333333,2
484,time_decay,google_search,66.66666666666666,66.66666666666666,2
484,position_based,instagram,50.0,50.0,2
484,position_based,google_search,50.0,50.0,2
486,last_click,google_search,100.0,100.0,2
486,linear,organic,50.0,50.0,2
486,linear,google_search,50.0,50.0,2
486,time_decay,organic,33.33333333333333,33.33333333333333,2
486,time_decay,google_search,66.66666666666666,66.66666666666666,2
486,position_based,organic,50.0,50.0,2
486,position_based,google_search,50.0,50.0,2
495,last_click,instagram,100.0,100.0,4
495,linear,tiktok,25.0,25.0,4
495,linear,organic,25.0,25.0,4
495,linear,email,25.0,25.0,4
495,linear,instagram,25.0,25.0,4
495,time_decay,tiktok,6.666666666666667,6.666666666666667,4
495,time_decay,organic,13.333333333333334,13.333333333333334,4
495,time_decay,email,26.666666666666668,26.666666666666668,4
495,time_decay,instagram,53.333333333333336,53.333333333333336,4
495,position_based,tiktok,40.0,40.0,4
495,position_based,organic,9.999999999999998,9.999999999999998,4
495,position_based,email,9.999999999999998,9.999999999999998,4
495,position_based,instagram,40.0,40.0,4
508,last_click,google_search,100.0,100.0,6
508,linear,organic,16.666666666666668,16.666666666666668,6
508,linear,tiktok,16.666666666666668,16.666666666666668,6
508,linear,organic,16.666666666666668,16.666666666666668,6
508,linear,tiktok,16.666666666666668,16.666666666666668,6
508,linear,display,16.666666666666668,16.666666666666668,6
508,linear,google_search,16.666666666666668,16.666666666666668,6
508,time_decay,organic,1.5873015873015872,1.5873015873015872,6
508,time_decay,tiktok,3.1746031746031744,3.1746031746031744,6
508,time_decay,organic,6.349206349206349,6.349206349206349,6
508,time_decay,tiktok,12.698412698412698,12.698412698412698,6
508,time_decay,display,25.396825396825395,25.396825396825395,6
508,time_decay,google_search,50.79365079365079,50.79365079365079,6
508,position_based,organic,40.0,40.0,6
508,position_based,tiktok,4.999999999999999,4.999999999999999,6
508,position_based,organic,4.999999999999999,4.999999999999999,6
508,position_based,tiktok,4.999999999999999,4.999999999999999,6
508,position_based,display,4.999999999999999,4.999999999999999,6
508,position_based,google_search,40.0,40.0,6
512,last_click,instagram,100.0,100.0,4
512,linear,tiktok,25.0,25.0,4
512,linear,google_search,25.0,25.0,4
512,linear,tiktok,25.0,25.0,4
512,linear,instagram,25.0,25.0,4
512,time_decay,tiktok,6.666666666666667,6.666666666666667,4
512,time_decay,google_search,13.333333333333334,13.333333333333334,4
512,time_decay,tiktok,26.666666666666668,26.666666666666668,4
512,time_decay,instagram,53.333333333333336,53.333333333333336,4
512,position_based,tiktok,40.0,40.0,4
512,position_based,google_search,9.999999999999998,9.999999999999998,4
512,position_based,tiktok,9.999999999999998,9.999999999999998,4
512,position_based,instagram,40.0,40.0,4
513,last_click,display,100.0,100.0,3
513,linear,google_search,33.333333333333336,33.333333333333336,3
513,linear,google_search,33.333333333333336,33.333333333333336,3
513,linear,display,33.333333333333336,33.333333333333336,3
513,time_decay,google_search,14.285714285714285,14.285714285714285,3
513,time_decay,google_search,28.57142857142857,28.57142857142857,3
513,time_decay,display,57.14285714285714,57.14285714285714,3
513,position_based,google_search,40.0,40.0,3
513,position_based,google_search,19.999999999999996,19.999999999999996,3
513,position_based,display,40.0,40.0,3
520,last_click,email,100.0,100.0,5
520,linear,organic,20.0,20.0,5
520,linear,display,20.0,20.0,5
520,linear,organic,20.0,20.0,5
520,linear,google_search,20.0,20.0,5
520,linear,email,20.0,20.0,5
520,time_decay,organic,3.225806451612903,3.225806451612903,5
520,time_decay,display,6.451612903225806,6.451612903225806,5
520,time_decay,organic,12.903225806451612,12.903225806451612,5
520,time_decay,google_search,25.806451612903224,25.806451612903224,5
520,time_decay,email,51.61290322580645,51.61290322580645,5
520,position_based,organic,40.0,40.0,5
520,position_based,display,6.666666666666665,6.666666666666665,5
520,position_based,organic,6.666666666666665,6.666666666666665,5
520,position_based,google_search,6.666666666666665,6.666666666666665,5
520,position_based,email,40.0,40.0,5
522,last_click,google_search,100.0,100.0,5
522,linear,email,20.0,20.0,5
522,linear,tiktok,20.0,20.0,5
522,linear,google_search,20.0,20.0,5
522,linear,tiktok,20.0,20.0,5
522,linear,google_search,20.0,20.0,5
522,time_decay,email,3.225806451612903,3.225806451612903,5
522,time_decay,tiktok,6.451612903225806,6.451612903225806,5
522,time_decay,google_search,12.903225806451612,12.903225806451612,5
522,time_decay,tiktok,25.806451612903224,25.806451612903224,5
522,time_decay,google_search,51.61290322580645,51.61290322580645,5
522,position_based,email,40.0,40.0,5
522,position_based,tiktok,6.666666666666665,6.666666666666665,5
522,position_based,google_search,6.666666666666665,6.666666666666665,5
522,position_based,tiktok,6.666666666666665,6.666666666666665,5
522,position_based,google_search,40.0,40.0,5
525,last_click,facebook,100.0,100.0,7
525,linear,google_search,14.285714285714286,14.285714285714286,7
525,linear,email,14.285714285714286,14.285714285714286,7
525,linear,google_search,14.285714285714286,14.285714285714286,7
525,linear,organic,14.285714285714286,14.285714285714286,7
525,linear,email,14.285714285714286,14.285714285714286,7
525,linear,tiktok,14.285714285714286,14.285714285714286,7
525,linear,facebook,14.285714285714286,14.285714285714286,7
525,time_decay,google_search,0.7874015748031495,0.7874015748031495,7
525,time_decay,email,1.574803149606299,1.574803149606299,7
525,time_decay,google_search,3.149606299212598,3.149606299212598,7
525,time_decay,organic,6.299212598425196,6.299212598425196,7
525,time_decay,email,12.598425196850393,12.598425196850393,7
525,time_decay,tiktok,25.196850393700785,25.196850393700785,7
525,time_decay,facebook,50.39370078740157,50.39370078740157,7
525,position_based,google_search,40.0,40.0,7
525,position_based,email,3.999999999999999,3.9999999999999996,7
525,position_based,google_search,3.999999999999999,3.9999999999999996,7
525,position_based,organic,3.999999999999999,3.9999999999999996,7
525,position_based,email,3.999999999999999,3.9999999999999996,7
525,position_based,tiktok,3.999999999999999,3.9999999999999996,7
525,position_based,facebook,40.0,40.0,7
529,last_click,facebook,100.0,100.0,3
529,linear,google_search,33.333333333333336,33.333333333333336,3
529,linear,facebook,33.333333333333336,33.333333333333336,3
529,linear,facebook,33.333333333333336,33.333333333333336,3
529,time_decay,google_search,14.285714285714285,14.285714285714285,3
529,time_decay,facebook,28.57142857142857,28.57142857142857,3
529,time_decay,facebook,57.14285714285714,57.14285714285714,3
529,position_based,google_search,40.0,40.0,3
529,position_based,facebook,19.999999999999996,19.999999999999996,3
529,position_based,facebook,40.0,40.0,3
534,last_click,facebook,100.0,100.0,2
534,linear,facebook,50.0,50.0,2
534,linear,facebook,50.0,50.0,2
534,time_decay,facebook,33.33333333333333,33.33333333333333,2
534,time_decay,facebook,66.66666666666666,66.66666666666666,2
534,position_based,facebook,50.0,50.0,2
534,position_based,facebook,50.0,50.0,2
537,last_click,google_search,100.0,100.0,6
537,linear,facebook,16.666666666666668,16.666666666666668,6
537,linear,organic,16.666666666666668,16.666666666666668,6
537,linear,tiktok,16.666666666666668,16.666666666666668,6
537,linear,tiktok,16.666666666666668,16.666666666666668,6
537,linear,organic,16.666666666666668,16.666666666666668,6
537,linear,google_search,16.666666666666668,16.666666666666668,6
537,time_decay,facebook,1.5873015873015872,1.5873015873015872,6
537,time_decay,organic,3.1746031746031744,3.1746031746031744,6
537,time_decay,tiktok,6.349206349206349,6.349206349206349,6
537,time_decay,tiktok,12.698412698412698,12.698412698412698,6
537,time_decay,organic,25.396825396825395,25.396825396825395,6
537,time_decay,google_search,50.79365079365079,50.79365079365079,6
537,position_based,facebook,40.0,40.0,6
537,position_based,organic,4.999999999999999,4.999999999999999,6
537,position_based,tiktok,4.999999999999999,4.999999999999999,6
537,position_based,tiktok,4.999999999999999,4.999999999999999,6
537,position_based,organic,4.999999999999999,4.999999999999999,6
537,position_based,google_search,40.0,40.0,6
550,last_click,email,100.0,100.0,4
550,linear,facebook,25.0,25.0,4
550,linear,facebook,25.0,25.0,4
550,linear,display,25.0,25.0,4
550,linear,email,25.0,25.0,4
550,time_decay,facebook,6.666666666666667,6.666666666666667,4
550,time_decay,facebook,13.333333333333334,13.333333333333334,4
550,time_decay,display,26.666666666666668,26.666666666666668,4
550,time_decay,email,53.333333333333336,53.333333333333336,4
550,position_based,facebook,40.0,40.0,4
550,position_based,facebook,9.999999999999998,9.999999999999998,4
550,position_based,display,9.999999999999998,9.999999999999998,4
550,position_based,email,40.0,40.0,4
551,last_click,tiktok,100.0,100.0,5
551,linear,organic,20.0,20.0,5
551,linear,google_search,20.0,20.0,5
551,linear,facebook,20.0,20.0,5
551,linear,facebook,20.0,20.0,5
551,linear,tiktok,20.0,20.0,5
551,time_decay,organic,3.225806451612903,3.225806451612903,5
551,time_decay,google_search,6.451612903225806,6.451612903225806,5
551,time_decay,facebook,12.903225806451612,12.903225806451612,5
551,time_decay,facebook,25.806451612903224,25.806451612903224,5
551,time_decay,tiktok,51.61290322580645,51.61290322580645,5
551,position_based,organic,40.0,40.0,5
551,position_based,google_search,6.666666666666665,6.666666666666665,5
551,position_based,facebook,6.666666666666665,6.666666666666665,5
551,position_based,facebook,6.666666666666665,6.666666666666665,5
551,position_based,tiktok,40.0,40.0,5
556,last_click,google_search,100.0,100.0,2
556,linear,google_search,50.0,50.0,2
556,linear,google_search,50.0,50.0,2
556,time_decay,google_search,33.33333333333333,33.33333333333333,2
556,time_decay,google_search,66.66666666666666,66.66666666666666,2
556,position_based,google_search,50.0,50.0,2
556,position_based,google_search,50.0,50.0,2
558,last_click,tiktok,100.0,100.0,10
558,linear,instagram,10.0,10.0,10
558,linear,email,10.0,10.0,10
558,linear,google_search,10.0,10.0,10
558,linear,google_search,10.0,10.0,10
558,linear,organic,10.0,10.0,10
558,linear,organic,10.0,10.0,10
558,linear,google_search,10.0,10.0,10
558,linear,email,10.0,10.0,10
558,linear,tiktok,10.0,10.0,10
558,linear,tiktok,10.0,10.0,10
558,time_decay,instagram,0.09775171065493646,0.09775171065493646,10
558,time_decay,email,0.19550342130987292,0.19550342130987292,10
558,time_decay,google_search,0.39100684261974583,0.39100684261974583,10
558,time_decay,google_search,0.7820136852394917,0.7820136852394917,10
558,time_decay,organic,1.5640273704789833,1.5640273704789833,10
558,time_decay,organic,3.1280547409579667,3.1280547409579667,10
558,time_decay,google_search,6.256109481915933,6.256109481915933,10
558,time_decay,email,12.512218963831867,12.512218963831867,10
558,time_decay,tiktok,25.024437927663733,25.024437927663733,10
558,time_decay,tiktok,50.048875855327466,50.048875855327466,10
558,position_based,instagram,40.0,40.0,10
558,position_based,email,2.4999999999999996,2.4999999999999996,10
558,position_based,google_search,2.4999999999999996,2.4999999999999996,10
558,position_based,google_search,2.4999999999999996,2.4999999999999996,10
558,position_based,organic,2.4999999999999996,2.4999999999999996,10
558,position_based,organic,2.4999999999999996,2.4999999999999996,10
558,position_based,google_search,2.4999999999999996,2.4999999999999996,10
558,position_based,email,2.4999999999999996,2.4999999999999996,10
558,position_based,tiktok,2.4999999999999996,2.4999999999999996,10
558,position_based,tiktok,40.0,40.0,10
561,last_click,tiktok,100.0,100.0,3
561,linear,tiktok,33.333333333333336,33.333333333333336,3
561,linear,tiktok,33.333333333333336,33.333333333333336,3
561,linear,tiktok,33.333333333333336,33.333333333333336,3
561,time_decay,tiktok,14.285714285714285,14.285714285714285,3
561,time_decay,tiktok,28.57142857142857,28.57142857142857,3
561,time_decay,tiktok,57.14285714285714,57.14285714285714,3
561,position_based,tiktok,40.0,40.0,3
561,position_based,tiktok,19.999999999999996,19.999999999999996,3
561,position_based,tiktok,40.0,40.0,3
578,last_click,display,100.0,100.0,4
578,linear,instagram,25.0,25.0,4
578,linear,google_search,25.0,25.0,4
578,linear,organic,25.0,25.0,4
578,linear,display,25.0,25.0,4
578,time_decay,instagram,6.666666666666667,6.666666666666667,4
578,time_decay,google_search,13.333333333333334,13.333333333333334,4
578,time_decay,organic,26.666666666666668,26.666666666666668,4
578,time_decay,display,53.333333333333336,53.333333333333336,4
578,position_based,instagram,40.0,40.0,4
578,position_based,google_search,9.999999999999998,9.999999999999998,4
578,position_based,organic,9.999999999999998,9.999999999999998,4
578,position_based,display,40.0,40.0,4
581,last_click,facebook,100.0,100.0,8
581,linear,display,12.5,12.5,8
581,linear,google_search,12.5,12.5,8
581,linear,email,12.5,12.5,8
581,linear,email,12.5,12.5,8
581,linear,display,12.5,12.5,8
581,linear,facebook,12.5,12.5,8
581,linear,tiktok,12.5,12.5,8
581,linear,facebook,12.5,12.5,8
581,time_decay,display,0.39215686274509803,0.39215686274509803,8
581,time_decay,google_search,0.7843137254901961,0.7843137254901961,8
581,time_decay,email,1.5686274509803921,1.5686274509803921,8
581,time_decay,email,3.1372549019607843,3.1372549019607843,8
581,time_decay,display,6.2745098039215685,6.2745098039215685,8
581,time_decay,facebook,12.549019607843137,12.549019607843137,8
581,time_decay,tiktok,25.098039215686274,25.098039215686274,8
581,time_decay,facebook,50.19607843137255,50.19607843137255,8
581,position_based,display,40.0,40.0,8
581,position_based,google_search,3.3333333333333326,3.3333333333333326,8
581,position_based,email,3.3333333333333326,3.3333333333333326,8
581,position_based,email,3.3333333333333326,3.3333333333333326,8
581,position_based,display,3.3333333333333326,3.3333333333333326,8
581,position_based,facebook,3.3333333333333326,3.3333333333333326,8
581,position_based,tiktok,3.3333333333333326,3.3333333333333326,8
581,position_based,facebook,40.0,40.0,8
597,last_click,display,100.0,100.0,4
597,linear,tiktok,25.0,25.0,4
597,linear,email,25.0,25.0,4
597,linear,tiktok,25.0,25.0,4
597,linear,display,25.0,25.0,4
597,time_decay,tiktok,6.666666666666667,6.666666666666667,4
597,time_decay,email,13.333333333333334,13.333333333333334,4
597,time_decay,tiktok,26.666666666666668,26.666666666666668,4
597,time_decay,display,53.333333333333336,53.333333333333336,4
597,position_based,tiktok,40.0,40.0,4
597,position_based,email,9.999999999999998,9.999999999999998,4
597,position_based,tiktok,9.999999999999998,9.999999999999998,4
597,position_based,display,40.0,40.0,4
611,last_click,google_search,100.0,100.0,4
611,linear,display,25.0,25.0,4
611,linear,instagram,25.0,25.0,4
611,linear,facebook,25.0,25.0,4
611,linear,google_search,25.0,25.0,4
611,time_decay,display,6.666666666666667,6.666666666666667,4
611,time_decay,instagram,13.333333333333334,13.333333333333334,4
611,time_decay,facebook,26.666666666666668,26.666666666666668,4
611,time_decay,google_search,53.333333333333336,53.333333333333336,4
611,position_based,display,40.0,40.0,4
611,position_based,instagram,9.999999999999998,9.999999999999998,4
611,position_based,facebook,9.999999999999998,9.999999999999998,4
611,position_based,google_search,40.0,40.0,4
619,last_click,facebook,100.0,100.0,4
619,linear,instagram,25.0,25.0,4
619,linear,google_search,25.0,25.0,4
619,linear,organic,25.0,25.0,4
619,linear,facebook,25.0,25.0,4
619,time_decay,instagram,6.666666666666667,6.666666666666667,4
619,time_decay,google_search,13.333333333333334,13.333333333333334,4
619,time_decay,organic,26.666666666666668,26.666666666666668,4
619,time_decay,facebook,53.333333333333336,53.333333333333336,4
619,position_based,instagram,40.0,40.0,4
619,position_based,google_search,9.999999999999998,9.999999999999998,4
619,position_based,organic,9.999999999999998,9.999999999999998,4
619,position_based,facebook,40.0,40.0,4
629,last_click,tiktok,100.0,100.0,3
629,linear,tiktok,33.333333333333336,33.333333333333336,3
629,linear,email,33.333333333333336,33.333333333333336,3
629,linear,tiktok,33.333333333333336,33.333333333333336,3
629,time_decay,tiktok,14.285714285714285,14.285714285714285,3
629,time_decay,email,28.57142857142857,28.57142857142857,3
629,time_decay,tiktok,57.14285714285714,57.14285714285714,3
629,position_based,tiktok,40.0,40.0,3
629,position_based,email,19.999999999999996,19.999999999999996,3
629,position_based,tiktok,40.0,40.0,3
633,last_click,tiktok,100.0,100.0,7
633,linear,display,14.285714285714286,14.285714285714286,7
633,linear,facebook,14.285714285714286,14.285714285714286,7
633,linear,organic,14.285714285714286,14.285714285714286,7
633,linear,organic,14.285714285714286,14.285714285714286,7
633,linear,display,14.285714285714286,14.285714285714286,7
633,linear,organic,14.285714285714286,14.285714285714286,7
633,linear,tiktok,14.285714285714286,14.285714285714286,7
633,time_decay,display,0.7874015748031495,0.7874015748031495,7
633,time_decay,facebook,1.574803149606299,1.574803149606299,7
633,time_decay,organic,3.149606299212598,3.149606299212598,7
633,time_decay,organic,6.299212598425196,6.299212598425196,7
633,time_decay,display,12.598425196850393,12.598425196850393,7
633,time_decay,organic,25.196850393700785,25.196850393700785,7
633,time_decay,tiktok,50.39370078740157,50.39370078740157,7
633,position_based,display,40.0,40.0,7
633,position_based,facebook,3.999999999999999,3.9999999999999996,7
633,position_based,organic,3.999999999999999,3.9999999999999996,7
633,position_based,organic,3.999999999999999,3.9999999999999996,7
633,position_based,display,3.999999999999999,3.9999999999999996,7
633,position_based,organic,3.999999999999999,3.9999999999999996,7
633,position_based,tiktok,40.0,40.0,7
654,last_click,tiktok,100.0,100.0,4
654,linear,email,25.0,25.0,4
654,linear,organic,25.0,25.0,4
654,linear,facebook,25.0,25.0,4
654,linear,tiktok,25.0,25.0,4
654,time_decay,email,6.666666666666667,6.666666666666667,4
654,time_decay,organic,13.333333333333334,13.333333333333334,4
654,time_decay,facebook,26.666666666666668,26.666666666666668,4
654,time_decay,tiktok,53.333333333333336,53.333333333333336,4
654,position_based,email,40.0,40.0,4
654,position_based,organic,9.999999999999998,9.999999999999998,4
654,position_based,facebook,9.999999999999998,9.999999999999998,4
654,position_based,tiktok,40.0,40.0,4
655,last_click,email,100.0,100.0,2
655,linear,tiktok,50.0,50.0,2
655,linear,email,50.0,50.0,2
655,time_decay,tiktok,33.33333333333333,33.33333333333333,2
655,time_decay,email,66.66666666666666,66.66666666666666,2
655,position_based,tiktok,50.0,50.0,2
655,position_based,email,50.0,50.0,2
659,last_click,display,100.0,100.0,2
659,linear,email,50.0,50.0,2
659,linear,display,50.0,50.0,2
659,time_decay,email,33.33333333333333,33.33333333333333,2
659,time_decay,display,66.66666666666666,66.66666666666666,2
659,position_based,email,50.0,50.0,2
659,position_based,display,50.0,50.0,2
663,last_click,email,100.0,100.0,4
663,linear,email,25.0,25.0,4
663,linear,organic,25.0,25.0,4
663,linear,organic,25.0,25.0,4
663,linear,email,25.0,25.0,4
663,time_decay,email,6.666666666666667,6.666666666666667,4
663,time_decay,organic,13.333333333333334,13.333333333333334,4
663,time_decay,organic,26.666666666666668,26.666666666666668,4
663,time_decay,email,53.333333333333336,53.333333333333336,4
663,position_based,email,40.0,40.0,4
663,position_based,organic,9.999999999999998,9.999999999999998,4
663,position_based,organic,9.999999999999998,9.999999999999998,4
663,position_based,email,40.0,40.0,4
665,last_click,email,100.0,100.0,8
665,linear,organic,12.5,12.5,8
665,linear,google_search,12.5,12.5,8
665,linear,facebook,12.5,12.5,8
665,linear,tiktok,12.5,12.5,8
665,linear,email,12.5,12.5,8
665,linear,email,12.5,12.5,8
665,linear,display,12.5,12.5,8
665,linear,email,12.5,12.5,8
665,time_decay,organic,0.39215686274509803,0.39215686274509803,8
665,time_decay,google_search,0.7843137254901961,0.7843137254901961,8
665,time_decay,facebook,1.5686274509803921,1.5686274509803921,8
665,time_decay,tiktok,3.1372549019607843,3.1372549019607843,8
665,time_decay,email,6.2745098039215685,6.2745098039215685,8
665,time_decay,email,12.549019607843137,12.549019607843137,8
665,time_decay,display,25.098039215686274,25.098039215686274,8
665,time_decay,email,50.19607843137255,50.19607843137255,8
665,position_based,organic,40.0,40.0,8
665,position_based,google_search,3.3333333333333326,3.3333333333333326,8
665,position_based,facebook,3.3333333333333326,3.3333333333333326,8
665,position_based,tiktok,3.3333333333333326,3.3333333333333326,8
665,position_based,email,3.3333333333333326,3.3333333333333326,8
665,position_based,email,3.3333333333333326,3.3333333333333326,8
665,position_based,display,3.3333333333333326,3.3333333333333326,8
665,position_based,email,40.0,40.0,8
676,last_click,instagram,100.0,100.0,4
676,linear,email,25.0,25.0,4
676,linear,organic,25.0,25.0,4
676,linear,facebook,25.0,25.0,4
676,linear,instagram,25.0,25.0,4
676,time_decay,email,6.666666666666667,6.666666666666667,4
676,time_decay,organic,13.333333333333334,13.333333333333334,4
676,time_decay,facebook,26.666666666666668,26.666666666666668,4
676,time_decay,instagram,53.333333333333336,53.333333333333336,4
676,position_based,email,40.0,40.0,4
676,position_based,organic,9.999999999999998,9.999999999999998,4
676,position_based,facebook,9.999999999999998,9.999999999999998,4
676,position_based,instagram,40.0,40.0,4
680,last_click,display,100.0,100.0,6
680,linear,tiktok,16.666666666666668,16.666666666666668,6
680,linear,google_search,16.666666666666668,16.666666666666668,6
680,linear,facebook,16.666666666666668,16.666666666666668,6
680,linear,google_search,16.666666666666668,16.666666666666668,6
680,linear,tiktok,16.666666666666668,16.666666666666668,6
680,linear,display,16.666666666666668,16.666666666666668,6
680,time_decay,tiktok,1.5873015873015872,1.5873015873015872,6
680,time_decay,google_search,3.1746031746031744,3.1746031746031744,6
680,time_decay,facebook,6.349206349206349,6.349206349206349,6
680,time_decay,google_search,12.698412698412698,12.698412698412698,6
680,time_decay,tiktok,25.396825396825395,25.396825396825395,6
680,time_decay,display,50.79365079365079,50.79365079365079,6
680,position_based,tiktok,40.0,40.0,6
680,position_based,google_search,4.999999999999999,4.999999999999999,6
680,position_based,facebook,4.999999999999999,4.999999999999999,6
680,position_based,google_search,4.999999999999999,4.999999999999999,6
680,position_based,tiktok,4.999999999999999,4.999999999999999,6
680,position_based,display,40.0,40.0,6
684,last_click,facebook,100.0,100.0,6
684,linear,email,16.666666666666668,16.666666666666668,6
684,linear,organic,16.666666666666668,16.666666666666668,6
684,linear,instagram,16.666666666666668,16.666666666666668,6
684,linear,email,16.666666666666668,16.666666666666668,6
684,linear,google_search,16.666666666666668,16.666666666666668,6
684,linear,facebook,16.666666666666668,16.666666666666668,6
684,time_decay,email,1.5873015873015872,1.5873015873015872,6
684,time_decay,organic,3.1746031746031744,3.1746031746031744,6
684,time_decay,instagram,6.349206349206349,6.349206349206349,6
684,time_decay,email,12.698412698412698,12.698412698412698,6
684,time_decay,google_search,25.396825396825395,25.396825396825395,6
684,time_decay,facebook,50.79365079365079,50.79365079365079,6
684,position_based,email,40.0,40.0,6
684,position_based,organic,4.999999999999999,4.999999999999999,6
684,position_based,instagram,4.999999999999999,4.999999999999999,6
684,position_based,email,4.999999999999999,4.999999999999999,6
684,position_based,google_search,4.999999999999999,4.999999999999999,6
684,position_based,facebook,40.0,40.0,6
688,last_click,google_search,100.0,100.0,4
688,linear,instagram,25.0,25.0,4
688,linear,display,25.0,25.0,4
688,linear,instagram,25.0,25.0,4
688,linear,google_search,25.0,25.0,4
688,time_decay,instagram,6.666666666666667,6.666666666666667,4
688,time_decay,display,13.333333333333334,13.333333333333334,4
688,time_decay,instagram,26.666666666666668,26.666666666666668,4
688,time_decay,google_search,53.333333333333336,53.333333333333336,4
688,position_based,instagram,40.0,40.0,4
688,position_based,display,9.999999999999998,9.999999999999998,4
688,position_based,instagram,9.999999999999998,9.999999999999998,4
688,position_based,google_search,40.0,40.0,4
712,last_click,instagram,100.0,100.0,7
712,linear,google_search,14.285714285714286,14.285714285714286,7
712,linear,tiktok,14.285714285714286,14.285714285714286,7
712,linear,instagram,14.285714285714286,14.285714285714286,7
712,linear,google_search,14.285714285714286,14.285714285714286,7
712,linear,google_search,14.285714285714286,14.285714285714286,7
712,linear,email,14.285714285714286,14.285714285714286,7
712,linear,instagram,14.285714285714286,14.285714285714286,7
712,time_decay,google_search,0.7874015748031495,0.7874015748031495,7
712,time_decay,tiktok,1.574803149606299,1.574803149606299,7
712,time_decay,instagram,3.149606299212598,3.149606299212598,7
712,time_decay,google_search,6.299212598425196,6.299212598425196,7
712,time_decay,google_search,12.598425196850393,12.598425196850393,7
712,time_decay,email,25.196850393700785,25.196850393700785,7
712,time_decay,instagram,50.39370078740157,50.39370078740157,7
712,position_based,google_search,40.0,40.0,7
712,position_based,tiktok,3.999999999999999,3.9999999999999996,7
712,position_based,instagram,3.999999999999999,3.9999999999999996,7
712,position_based,google_search,3.999999999999999,3.9999999999999996,7
712,position_based,google_search,3.999999999999999,3.9999999999999996,7
712,position_based,email,3.999999999999999,3.9999999999999996,7
712,position_based,instagram,40.0,40.0,7
727,last_click,instagram,100.0,100.0,4
727,linear,google_search,25.0,25.0,4
727,linear,facebook,25.0,25.0,4
727,linear,email,25.0,25.0,4
727,linear,instagram,25.0,25.0,4
727,time_decay,google_search,6.666666666666667,6.666666666666667,4
727,time_decay,facebook,13.333333333333334,13.333333333333334,4
727,time_decay,email,26.666666666666668,26.666666666666668,4
727,time_decay,instagram,53.333333333333336,53.333333333333336,4
727,position_based,google_search,40.0,40.0,4
727,position_based,facebook,9.999999999999998,9.999999999999998,4
727,position_based,email,9.999999999999998,9.999999999999998,4
727,position_based,instagram,40.0,40.0,4
731,last_click,display,100.0,100.0,5
731,linear,tiktok,20.0,20.0,5
731,linear,facebook,20.0,20.0,5
731,linear,display,20.0,20.0,5
731,linear,display,20.0,20.0,5
731,linear,display,20.0,20.0,5
731,time_decay,tiktok,3.225806451612903,3.225806451612903,5
731,time_decay,facebook,6.451612903225806,6.451612903225806,5
731,time_decay,display,12.903225806451612,12.903225806451612,5
731,time_decay,display,25.806451612903224,25.806451612903224,5
731,time_decay,display,51.61290322580645,51.61290322580645,5
731,position_based,tiktok,40.0,40.0,5
731,position_based,facebook,6.666666666666665,6.666666666666665,5
731,position_based,display,6.666666666666665,6.666666666666665,5
731,position_based,display,6.666666666666665,6.666666666666665,5
731,position_based,display,40.0,40.0,5
743,last_click,organic,100.0,100.0,2
743,linear,tiktok,50.0,50.0,2
743,linear,organic,50.0,50.0,2
743,time_decay,tiktok,33.33333333333333,33.33333333333333,2
743,time_decay,organic,66.66666666666666,66.66666666666666,2
743,position_based,tiktok,50.0,50.0,2
743,position_based,organic,50.0,50.0,2
749,last_click,facebook,100.0,100.0,6
749,linear,tiktok,16.666666666666668,16.666666666666668,6
749,linear,instagram,16.666666666666668,16.666666666666668,6
749,linear,email,16.666666666666668,16.666666666666668,6
749,linear,google_search,16.666666666666668,16.666666666666668,6
749,linear,display,16.666666666666668,16.666666666666668,6
749,linear,facebook,16.666666666666668,16.666666666666668,6
749,time_decay,tiktok,1.5873015873015872,1.5873015873015872,6
749,time_decay,instagram,3.1746031746031744,3.1746031746031744,6
749,time_decay,email,6.349206349206349,6.349206349206349,6
749,time_decay,google_search,12.698412698412698,12.698412698412698,6
749,time_decay,display,25.396825396825395,25.396825396825395,6
749,time_decay,facebook,50.79365079365079,50.79365079365079,6
749,position_based,tiktok,40.0,40.0,6
749,position_based,instagram,4.999999999999999,4.999999999999999,6
749,position_based,email,4.999999999999999,4.999999999999999,6
749,position_based,google_search,4.999999999999999,4.999999999999999,6
749,position_based,display,4.999999999999999,4.999999999999999,6
749,position_based,facebook,40.0,40.0,6
751,last_click,google_search,100.0,100.0,1
751,linear,google_search,100.0,100.0,1
751,time_decay,google_search,100.0,100.0,1
751,position_based,google_search,100.0,100.0,1
752,last_click,organic,100.0,100.0,4
752,linear,facebook,25.0,25.0,4
752,linear,display,25.0,25.0,4
752,linear,organic,25.0,25.0,4
752,linear,organic,25.0,25.0,4
752,time_decay,facebook,6.666666666666667,6.666666666666667,4
752,time_decay,display,13.333333333333334,13.333333333333334,4
752,time_decay,organic,26.666666666666668,26.666666666666668,4
752,time_decay,organic,53.333333333333336,53.333333333333336,4
752,position_based,facebook,40.0,40.0,4
752,position_based,display,9.999999999999998,9.999999999999998,4
752,position_based,organic,9.999999999999998,9.999999999999998,4
752,position_based,organic,40.0,40.0,4
759,last_click,instagram,100.0,100.0,7
759,linear,email,14.285714285714286,14.285714285714286,7
759,linear,facebook,14.285714285714286,14.285714285714286,7
759,linear,google_search,14.285714285714286,14.285714285714286,7
759,linear,organic,14.285714285714286,14.285714285714286,7
759,linear,tiktok,14.285714285714286,14.285714285714286,7
759,linear,google_search,14.285714285714286,14.285714285714286,7
759,linear,instagram,14.285714285714286,14.285714285714286,7
759,time_decay,email,0.7874015748031495,0.7874015748031495,7
759,time_decay,facebook,1.574803149606299,1.574803149606299,7
759,time_decay,google_search,3.149606299212598,3.149606299212598,7
759,time_decay,organic,6.299212598425196,6.299212598425196,7
759,time_decay,tiktok,12.598425196850393,12.598425196850393,7
759,time_decay,google_search,25.196850393700785,25.196850393700785,7
759,time_decay,instagram,50.39370078740157,50.39370078740157,7
759,position_based,email,40.0,40.0,7
759,position_based,facebook,3.999999999999999,3.9999999999999996,7
759,position_based,google_search,3.999999999999999,3.9999999999999996,7
759,position_based,organic,3.999999999999999,3.9999999999999996,7
759,position_based,tiktok,3.999999999999999,3.9999999999999996,7
759,position_based,google_search,3.999999999999999,3.9999999999999996,7
759,position_based,instagram,40.0,40.0,7
760,last_click,facebook,100.0,100.0,3
760,linear,instagram,33.333333333333336,33.333333333333336,3
760,linear,organic,33.333333333333336,33.333333333333336,3
760,linear,facebook,33.333333333333336,33.333333333333336,3
760,time_decay,instagram,14.285714285714285,14.285714285714285,3
760,time_decay,organic,28.57142857142857,28.57142857142857,3
760,time_decay,facebook,57.14285714285714,57.14285714285714,3
760,position_based,instagram,40.0,40.0,3
760,position_based,organic,19.999999999999996,19.999999999999996,3
760,position_based,facebook,40.0,40.0,3
761,last_click,tiktok,100.0,100.0,1
761,linear,tiktok,100.0,100.0,1
761,time_decay,tiktok,100.0,100.0,1
761,position_based,tiktok,100.0,100.0,1
763,last_click,instagram,100.0,100.0,5
763,linear,google_search,20.0,20.0,5
763,linear,google_search,20.0,20.0,5
763,linear,email,20.0,20.0,5
763,linear,google_search,20.0,20.0,5
763,linear,instagram,20.0,20.0,5
763,time_decay,google_search,3.225806451612903,3.225806451612903,5
763,time_decay,google_search,6.451612903225806,6.451612903225806,5
763,time_decay,email,12.903225806451612,12.903225806451612,5
763,time_decay,google_search,25.806451612903224,25.806451612903224,5
763,time_decay,instagram,51.61290322580645,51.61290322580645,5
763,position_based,google_search,40.0,40.0,5
763,position_based,google_search,6.666666666666665,6.666666666666665,5
763,position_based,email,6.666666666666665,6.666666666666665,5
763,position_based,google_search,6.666666666666665,6.666666666666665,5
763,position_based,instagram,40.0,40.0,5
777,last_click,google_search,100.0,100.0,5
777,linear,facebook,20.0,20.0,5
777,linear,google_search,20.0,20.0,5
777,linear,instagram,20.0,20.0,5
777,linear,tiktok,20.0,20.0,5
777,linear,google_search,20.0,20.0,5
777,time_decay,facebook,3.225806451612903,3.225806451612903,5
777,time_decay,google_search,6.451612903225806,6.451612903225806,5
777,time_decay,instagram,12.903225806451612,12.903225806451612,5
777,time_decay,tiktok,25.806451612903224,25.806451612903224,5
777,time_decay,google_search,51.61290322580645,51.61290322580645,5
777,position_based,facebook,40.0,40.0,5
777,position_based,google_search,6.666666666666665,6.666666666666665,5
777,position_based,instagram,6.666666666666665,6.666666666666665,5
777,position_based,tiktok,6.666666666666665,6.666666666666665,5
777,position_based,google_search,40.0,40.0,5
785,last_click,email,100.0,100.0,10
785,linear,instagram,10.0,10.0,10
785,linear,tiktok,10.0,10.0,10
785,linear,facebook,10.0,10.0,10
785,linear,google_search,10.0,10.0,10
785,linear,google_search,10.0,10.0,10
785,linear,organic,10.0,10.0,10
785,linear,organic,10.0,10.0,10
785,linear,tiktok,10.0,10.0,10
785,linear,facebook,10.0,10.0,10
785,linear,email,10.0,10.0,10
785,time_decay,instagram,0.09775171065493646,0.09775171065493646,10
785,time_decay,tiktok,0.19550342130987292,0.19550342130987292,10
785,time_decay,facebook,0.39100684261974583,0.39100684261974583,10
785,time_decay,google_search,0.7820136852394917,0.7820136852394917,10
785,time_decay,google_search,1.5640273704789833,1.5640273704789833,10
785,time_decay,organic,3.1280547409579667,3.1280547409579667,10
785,time_decay,organic,6.256109481915933,6.256109481915933,10
785,time_decay,tiktok,12.512218963831867,12.512218963831867,10
785,time_decay,facebook,25.024437927663733,25.024437927663733,10
785,time_decay,email,50.048875855327466,50.048875855327466,10
785,position_based,instagram,40.0,40.0,10
785,position_based,tiktok,2.4999999999999996,2.4999999999999996,10
785,position_based,facebook,2.4999999999999996,2.4999999999999996,10
785,position_based,google_search,2.4999999999999996,2.4999999999999996,10
785,position_based,google_search,2.4999999999999996,2.4999999999999996,10
785,position_based,organic,2.4999999999999996,2.4999999999999996,10
785,position_based,organic,2.4999999999999996,2.4999999999999996,10
785,position_based,tiktok,2.4999999999999996,2.4999999999999996,10
785,position_based,facebook,2.4999999999999996,2.4999999999999996,10
785,position_based,email,40.0,40.0,10
792,last_click,google_search,100.0,100.0,9
792,linear,display,11.11111111111111,11.11111111111111,9
792,linear,tiktok,11.11111111111111,11.11111111111111,9
792,linear,instagram,11.11111111111111,11.11111111111111,9
792,linear,email,11.11111111111111,11.11111111111111,9
792,linear,instagram,11.11111111111111,11.11111111111111,9
792,linear,organic,11.11111111111111,11.11111111111111,9
792,linear,email,11.11111111111111,11.11111111111111,9
792,linear,tiktok,11.11111111111111,11.11111111111111,9
792,linear,google_search,11.11111111111111,11.11111111111111,9
792,time_decay,display,0.19569471624266144,0.19569471624266144,9
792,time_decay,tiktok,0.3913894324853229,0.3913894324853229,9
792,time_decay,instagram,0.7827788649706457,0.7827788649706457,9
792,time_decay,email,1.5655577299412915,1.5655577299412915,9
792,time_decay,instagram,3.131115459882583,3.131115459882583,9
792,time_decay,organic,6.262230919765166,6.262230919765166,9
792,time_decay,email,12.524461839530332,12.524461839530332,9
792,time_decay,tiktok,25.048923679060664,25.048923679060664,9
792,time_decay,google_search,50.09784735812133,50.09784735812133,9
792,position_based,display,40.0,40.0,9
792,position_based,tiktok,2.8571428571428568,2.8571428571428568,9
792,position_based,instagram,2.8571428571428568,2.8571428571428568,9
792,position_based,email,2.8571428571428568,2.8571428571428568,9
792,position_based,instagram,2.8571428571428568,2.8571428571428568,9
792,position_based,organic,2.8571428571428568,2.8571428571428568,9
792,position_based,email,2.8571428571428568,2.8571428571428568,9
792,position_based,tiktok,2.8571428571428568,2.8571428571428568,9
792,position_based,google_search,40.0,40.0,9
798,last_click,display,100.0,100.0,5
798,linear,instagram,20.0,20.0,5
798,linear,organic,20.0,20.0,5
798,linear,instagram,20.0,20.0,5
798,linear,instagram,20.0,20.0,5
798,linear,display,20.0,20.0,5
798,time_decay,instagram,3.225806451612903,3.225806451612903,5
798,time_decay,organic,6.451612903225806,6.451612903225806,5
798,time_decay,instagram,12.903225806451612,12.903225806451612,5
798,time_decay,instagram,25.806451612903224,25.806451612903224,5
798,time_decay,display,51.61290322580645,51.61290322580645,5
798,position_based,instagram,40.0,40.0,5
798,position_based,organic,6.666666666666665,6.666666666666665,5
798,position_based,instagram,6.666666666666665,6.666666666666665,5
798,position_based,instagram,6.666666666666665,6.666666666666665,5
798,position_based,display,40.0,40.0,5
799,last_click,email,100.0,100.0,7
799,linear,google_search,14.285714285714286,14.285714285714286,7
799,linear,tiktok,14.285714285714286,14.285714285714286,7
799,linear,organic,14.285714285714286,14.285714285714286,7
799,linear,organic,14.285714285714286,14.285714285714286,7
799,linear,google_search,14.285714285714286,14.285714285714286,7
799,linear,facebook,14.285714285714286,14.285714285714286,7
799,linear,email,14.285714285714286,14.285714285714286,7
799,time_decay,google_search,0.7874015748031495,0.7874015748031495,7
799,time_decay,tiktok,1.574803149606299,1.574803149606299,7
799,time_decay,organic,3.149606299212598,3.149606299212598,7
799,time_decay,organic,6.299212598425196,6.299212598425196,7
799,time_decay,google_search,12.598425196850393,12.598425196850393,7
799,time_decay,facebook,25.196850393700785,25.196850393700785,7
799,time_decay,email,50.39370078740157,50.39370078740157,7
799,position_based,google_search,40.0,40.0,7
799,position_based,tiktok,3.999999999999999,3.9999999999999996,7
799,position_based,organic,3.999999999999999,3.9999999999999996,7
799,position_based,organic,3.999999999999999,3.9999999999999996,7
799,position_based,google_search,3.999999999999999,3.9999999999999996,7
799,position_based,facebook,3.999999999999999,3.9999999999999996,7
799,position_based,email,40.0,40.0,7
804,last_click,google_search,100.0,100.0,2
804,linear,google_search,50.0,50.0,2
804,linear,google_search,50.0,50.0,2
804,time_decay,google_search,33.33333333333333,33.33333333333333,2
804,time_decay,google_search,66.66666666666666,66.66666666666666,2
804,position_based,google_search,50.0,50.0,2
804,position_based,google_search,50.0,50.0,2
805,last_click,facebook,100.0,100.0,4
805,linear,tiktok,25.0,25.0,4
805,linear,email,25.0,25.0,4
805,linear,tiktok,25.0,25.0,4
805,linear,facebook,25.0,25.0,4
805,time_decay,tiktok,6.666666666666667,6.666666666666667,4
805,time_decay,email,13.333333333333334,13.333333333333334,4
805,time_decay,tiktok,26.666666666666668,26.666666666666668,4
805,time_decay,facebook,53.333333333333336,53.333333333333336,4
805,position_based,tiktok,40.0,40.0,4
805,position_based,email,9.999999999999998,9.999999999999998,4
805,position_based,tiktok,9.999999999999998,9.999999999999998,4
805,position_based,facebook,40.0,40.0,4
808,last_click,display,100.0,100.0,3
808,linear,organic,33.333333333333336,33.333333333333336,3
808,linear,google_search,33.333333333333336,33.333333333333336,3
808,linear,display,33.333333333333336,33.333333333333336,3
808,time_decay,organic,14.285714285714285,14.285714285714285,3
808,time_decay,google_search,28.57142857142857,28.57142857142857,3
808,time_decay,display,57.14285714285714,57.14285714285714,3
808,position_based,organic,40.0,40.0,3
808,position_based,google_search,19.999999999999996,19.999999999999996,3
808,position_based,display,40.0,40.0,3
809,last_click,organic,100.0,100.0,2
809,linear,facebook,50.0,50.0,2
809,linear,organic,50.0,50.0,2
809,time_decay,facebook,33.33333333333333,33.33333333333333,2
809,time_decay,organic,66.66666666666666,66.66666666666666,2
809,position_based,facebook,50.0,50.0,2
809,position_based,organic,50.0,50.0,2
814,last_click,google_search,100.0,100.0,2
814,linear,email,50.0,50.0,2
814,linear,google_search,50.0,50.0,2
814,time_decay,email,33.33333333333333,33.33333333333333,2
814,time_decay,google_search,66.66666666666666,66.66666666666666,2
814,position_based,email,50.0,50.0,2
814,position_based,google_search,50.0,50.0,2
818,last_click,tiktok,100.0,100.0,2
818,linear,google_search,50.0,50.0,2
818,linear,tiktok,50.0,50.0,2
818,time_decay,google_search,33.33333333333333,33.33333333333333,2
818,time_decay,tiktok,66.66666666666666,66.66666666666666,2
818,position_based,google_search,50.0,50.0,2
818,position_based,tiktok,50.0,50.0,2
821,last_click,instagram,100.0,100.0,9
821,linear,email,11.11111111111111,11.11111111111111,9
821,linear,google_search,11.11111111111111,11.11111111111111,9
821,linear,email,11.11111111111111,11.11111111111111,9
821,linear,instagram,11.11111111111111,11.11111111111111,9
821,linear,google_search,11.11111111111111,11.11111111111111,9
821,linear,organic,11.11111111111111,11.11111111111111,9
821,linear,organic,11.11111111111111,11.11111111111111,9
821,linear,display,11.11111111111111,11.11111111111111,9
821,linear,instagram,11.11111111111111,11.11111111111111,9
821,time_decay,email,0.19569471624266144,0.19569471624266144,9
821,time_decay,google_search,0.3913894324853229,0.3913894324853229,9
821,time_decay,email,0.7827788649706457,0.7827788649706457,9
821,time_decay,instagram,1.5655577299412915,1.5655577299412915,9
821,time_decay,google_search,3.131115459882583,3.131115459882583,9
821,time_decay,organic,6.262230919765166,6.262230919765166,9
821,time_decay,organic,12.524461839530332,12.524461839530332,9
821,time_decay,display,25.048923679060664,25.048923679060664,9
821,time_decay,instagram,50.09784735812133,50.09784735812133,9
821,position_based,email,40.0,40.0,9
821,position_based,google_search,2.8571428571428568,2.8571428571428568,9
821,position_based,email,2.8571428571428568,2.8571428571428568,9
821,position_based,instagram,2.8571428571428568,2.8571428571428568,9
821,position_based,google_search,2.8571428571428568,2.8571428571428568,9
821,position_based,organic,2.8571428571428568,2.8571428571428568,9
821,position_based,organic,2.8571428571428568,2.8571428571428568,9
821,position_based,display,2.8571428571428568,2.8571428571428568,9
821,position_based,instagram,40.0,40.0,9
826,last_click,google_search,100.0,100.0,2
826,linear,organic,50.0,50.0,2
826,linear,google_search,50.0,50.0,2
826,time_decay,organic,33.33333333333333,33.33333333333333,2
826,time_decay,google_search,66.66666666666666,66.66666666666666,2
826,position_based,organic,50.0,50.0,2
826,position_based,google_search,50.0,50.0,2
832,last_click,organic,100.0,100.0,4
832,linear,email,25.0,25.0,4
832,linear,display,25.0,25.0,4
832,linear,display,25.0,25.0,4
832,linear,organic,25.0,25.0,4
832,time_decay,email,6.666666666666667,6.666666666666667,4
832,time_decay,display,13.333333333333334,13.333333333333334,4
832,time_decay,display,26.666666666666668,26.666666666666668,4
832,time_decay,organic,53.333333333333336,53.333333333333336,4
832,position_based,email,40.0,40.0,4
832,position_based,display,9.999999999999998,9.999999999999998,4
832,position_based,display,9.999999999999998,9.999999999999998,4
832,position_based,organic,40.0,40.0,4
834,last_click,instagram,100.0,100.0,3
834,linear,google_search,33.333333333333336,33.333333333333336,3
834,linear,email,33.333333333333336,33.333333333333336,3
834,linear,instagram,33.333333333333336,33.333333333333336,3
834,time_decay,google_search,14.285714285714285,14.285714285714285,3
834,time_decay,email,28.57142857142857,28.57142857142857,3
834,time_decay,instagram,57.14285714285714,57.14285714285714,3
834,position_based,google_search,40.0,40.0,3
834,position_based,email,19.999999999999996,19.999999999999996,3
834,position_based,instagram,40.0,40.0,3
840,last_click,google_search,100.0,100.0,7
840,linear,instagram,14.285714285714286,14.285714285714286,7
840,linear,facebook,14.285714285714286,14.285714285714286,7
840,linear,instagram,14.285714285714286,14.285714285714286,7
840,linear,email,14.285714285714286,14.285714285714286,7
840,linear,tiktok,14.285714285714286,14.285714285714286,7
840,linear,email,14.285714285714286,14.285714285714286,7
840,linear,google_search,14.285714285714286,14.285714285714286,7
840,time_decay,instagram,0.7874015748031495,0.7874015748031495,7
840,time_decay,facebook,1.574803149606299,1.574803149606299,7
840,time_decay,instagram,3.149606299212598,3.149606299212598,7
840,time_decay,email,6.299212598425196,6.299212598425196,7
840,time_decay,tiktok,12.598425196850393,12.598425196850393,7
840,time_decay,email,25.196850393700785,25.196850393700785,7
840,time_decay,google_search,50.39370078740157,50.39370078740157,7
840,position_based,instagram,40.0,40.0,7
840,position_based,facebook,3.999999999999999,3.9999999999999996,7
840,position_based,instagram,3.999999999999999,3.9999999999999996,7
840,position_based,email,3.999999999999999,3.9999999999999996,7
840,position_based,tiktok,3.999999999999999,3.9999999999999996,7
840,position_based,email,3.999999999999999,3.9999999999999996,7
840,position_based,google_search,40.0,40.0,7
850,last_click,google_search,100.0,100.0,9
850,linear,facebook,11.11111111111111,11.11111111111111,9
850,linear,tiktok,11.11111111111111,11.11111111111111,9
850,linear,display,11.11111111111111,11.11111111111111,9
850,linear,google_search,11.11111111111111,11.11111111111111,9
850,linear,instagram,11.11111111111111,11.11111111111111,9
850,linear,tiktok,11.11111111111111,11.11111111111111,9
850,linear,google_search,11.11111111111111,11.11111111111111,9
850,linear,facebook,11.11111111111111,11.11111111111111,9
850,linear,google_search,11.11111111111111,11.11111111111111,9
850,time_decay,facebook,0.19569471624266144,0.19569471624266144,9
850,time_decay,tiktok,0.3913894324853229,0.3913894324853229,9
850,time_decay,display,0.7827788649706457,0.7827788649706457,9
850,time_decay,google_search,1.5655577299412915,1.5655577299412915,9
850,time_decay,instagram,3.131115459882583,3.131115459882583,9
850,time_decay,tiktok,6.262230919765166,6.262230919765166,9
850,time_decay,google_search,12.524461839530332,12.524461839530332,9
850,time_decay,facebook,25.048923679060664,25.048923679060664,9
850,time_decay,google_search,50.09784735812133,50.09784735812133,9
850,position_based,facebook,40.0,40.0,9
850,position_based,tiktok,2.8571428571428568,2.8571428571428568,9
850,position_based,display,2.8571428571428568,2.8571428571428568,9
850,position_based,google_search,2.8571428571428568,2.8571428571428568,9
850,position_based,instagram,2.8571428571428568,2.8571428571428568,9
850,position_based,tiktok,2.8571428571428568,2.8571428571428568,9
850,position_based,google_search,2.8571428571428568,2.8571428571428568,9
850,position_based,facebook,2.8571428571428568,2.8571428571428568,9
850,position_based,google_search,40.0,40.0,9
855,last_click,email,100.0,100.0,7
855,linear,facebook,14.285714285714286,14.285714285714286,7
855,linear,google_search,14.285714285714286,14.285714285714286,7
855,linear,email,14.285714285714286,14.285714285714286,7
855,linear,facebook,14.285714285714286,14.285714285714286,7
855,linear,google_search,14.285714285714286,14.285714285714286,7
855,linear,email,14.285714285714286,14.285714285714286,7
855,linear,email,14.285714285714286,14.285714285714286,7
855,time_decay,facebook,0.7874015748031495,0.7874015748031495,7
855,time_decay,google_search,1.574803149606299,1.574803149606299,7
855,time_decay,email,3.149606299212598,3.149606299212598,7
855,time_decay,facebook,6.299212598425196,6.299212598425196,7
855,time_decay,google_search,12.598425196850393,12.598425196850393,7
855,time_decay,email,25.196850393700785,25.196850393700785,7
855,time_decay,email,50.39370078740157,50.39370078740157,7
855,position_based,facebook,40.0,40.0,7
855,position_based,google_search,3.999999999999999,3.9999999999999996,7
855,position_based,email,3.999999999999999,3.9999999999999996,7
855,position_based,facebook,3.999999999999999,3.9999999999999996,7
855,position_based,google_search,3.999999999999999,3.9999999999999996,7
855,position_based,email,3.999999999999999,3.9999999999999996,7
855,position_based,email,40.0,40.0,7
857,last_click,instagram,100.0,100.0,4
857,linear,organic,25.0,25.0,4
857,linear,tiktok,25.0,25.0,4
857,linear,display,25.0,25.0,4
857,linear,instagram,25.0,25.0,4
857,time_decay,organic,6.666666666666667,6.666666666666667,4
857,time_decay,tiktok,13.333333333333334,13.333333333333334,4
857,time_decay,display,26.666666666666668,26.666666666666668,4
857,time_decay,instagram,53.333333333333336,53.333333333333336,4
857,position_based,organic,40.0,40.0,4
857,position_based,tiktok,9.999999999999998,9.999999999999998,4
857,position_based,display,9.999999999999998,9.999999999999998,4
857,position_based,instagram,40.0,40.0,4
861,last_click,email,100.0,100.0,4
861,linear,organic,25.0,25.0,4
861,linear,organic,25.0,25.0,4
861,linear,email,25.0,25.0,4
861,linear,email,25.0,25.0,4
861,time_decay,organic,6.666666666666667,6.666666666666667,4
861,time_decay,organic,13.333333333333334,13.333333333333334,4
861,time_decay,email,26.666666666666668,26.666666666666668,4
861,time_decay,email,53.333333333333336,53.333333333333336,4
861,position_based,organic,40.0,40.0,4
861,position_based,organic,9.999999999999998,9.999999999999998,4
861,position_based,email,9.999999999999998,9.999999999999998,4
861,position_based,email,40.0,40.0,4
863,last_click,facebook,100.0,100.0,7
863,linear,facebook,14.285714285714286,14.285714285714286,7
863,linear,organic,14.285714285714286,14.285714285714286,7
863,linear,facebook,14.285714285714286,14.285714285714286,7
863,linear,google_search,14.285714285714286,14.285714285714286,7
863,linear,google_search,14.285714285714286,14.285714285714286,7
863,linear,instagram,14.285714285714286,14.285714285714286,7
863,linear,facebook,14.285714285714286,14.285714285714286,7
863,time_decay,facebook,0.7874015748031495,0.7874015748031495,7
863,time_decay,organic,1.574803149606299,1.574803149606299,7
863,time_decay,facebook,3.149606299212598,3.149606299212598,7
863,time_decay,google_search,6.299212598425196,6.299212598425196,7
863,time_decay,google_search,12.598425196850393,12.598425196850393,7
863,time_decay,instagram,25.196850393700785,25.196850393700785,7
863,time_decay,facebook,50.39370078740157,50.39370078740157,7
863,position_based,facebook,40.0,40.0,7
863,position_based,organic,3.999999999999999,3.9999999999999996,7
863,position_based,facebook,3.999999999999999,3.9999999999999996,7
863,position_based,google_search,3.999999999999999,3.9999999999999996,7
863,position_based,google_search,3.999999999999999,3.9999999999999996,7
863,position_based,instagram,3.999999999999999,3.9999999999999996,7
863,position_based,facebook,40.0,40.0,7
865,last_click,google_search,100.0,100.0,3
865,linear,email,33.333333333333336,33.333333333333336,3
865,linear,display,33.333333333333336,33.333333333333336,3
865,linear,google_search,33.333333333333336,33.333333333333336,3
865,time_decay,email,14.285714285714285,14.285714285714285,3
865,time_decay,display,28.57142857142857,28.57142857142857,3
865,time_decay,google_search,57.14285714285714,57.14285714285714,3
865,position_based,email,40.0,40.0,3
865,position_based,display,19.999999999999996,19.999999999999996,3
865,position_based,google_search,40.0,40.0,3
873,last_click,google_search,100.0,100.0,3
873,linear,google_search,33.333333333333336,33.333333333333336,3
873,linear,facebook,33.333333333333336,33.333333333333336,3
873,linear,google_search,33.333333333333336,33.333333333333336,3
873,time_decay,google_search,14.285714285714285,14.285714285714285,3
873,time_decay,facebook,28.57142857142857,28.57142857142857,3
873,time_decay,google_search,57.14285714285714,57.14285714285714,3
873,position_based,google_search,40.0,40.0,3
873,position_based,facebook,19.999999999999996,19.999999999999996,3
873,position_based,google_search,40.0,40.0,3
874,last_click,facebook,100.0,100.0,4
874,linear,tiktok,25.0,25.0,4
874,linear,organic,25.0,25.0,4
874,linear,instagram,25.0,25.0,4
874,linear,facebook,25.0,25.0,4
874,time_decay,tiktok,6.666666666666667,6.666666666666667,4
874,time_decay,organic,13.333333333333334,13.333333333333334,4
874,time_decay,instagram,26.666666666666668,26.666666666666668,4
874,time_decay,facebook,53.333333333333336,53.333333333333336,4
874,position_based,tiktok,40.0,40.0,4
874,position_based,organic,9.999999999999998,9.999999999999998,4
874,position_based,instagram,9.999999999999998,9.999999999999998,4
874,position_based,facebook,40.0,40.0,4
882,last_click,google_search,100.0,100.0,3
882,linear,email,33.333333333333336,33.333333333333336,3
882,linear,email,33.333333333333336,33.333333333333336,3
882,linear,google_search,33.333333333333336,33.333333333333336,3
882,time_decay,email,14.285714285714285,14.285714285714285,3
882,time_decay,email,28.57142857142857,28.57142857142857,3
882,time_decay,google_search,57.14285714285714,57.14285714285714,3
882,position_based,email,40.0,40.0,3
882,position_based,email,19.999999999999996,19.999999999999996,3
882,position_based,google_search,40.0,40.0,3
883,last_click,tiktok,100.0,100.0,3
883,linear,google_search,33.333333333333336,33.333333333333336,3
883,linear,tiktok,33.333333333333336,33.333333333333336,3
883,linear,tiktok,33.333333333333336,33.333333333333336,3
883,time_decay,google_search,14.285714285714285,14.285714285714285,3
883,time_decay,tiktok,28.57142857142857,28.57142857142857,3
883,time_decay,tiktok,57.14285714285714,57.14285714285714,3
883,position_based,google_search,40.0,40.0,3
883,position_based,tiktok,19.999999999999996,19.999999999999996,3
883,position_based,tiktok,40.0,40.0,3
884,last_click,google_search,100.0,100.0,3
884,linear,facebook,33.333333333333336,33.333333333333336,3
884,linear,tiktok,33.333333333333336,33.333333333333336,3
884,linear,google_search,33.333333333333336,33.333333333333336,3
884,time_decay,facebook,14.285714285714285,14.285714285714285,3
884,time_decay,tiktok,28.57142857142857,28.57142857142857,3
884,time_decay,google_search,57.14285714285714,57.14285714285714,3
884,position_based,facebook,40.0,40.0,3
884,position_based,tiktok,19.999999999999996,19.999999999999996,3
884,position_based,google_search,40.0,40.0,3
887,last_click,tiktok,100.0,100.0,2
887,linear,display,50.0,50.0,2
887,linear,tiktok,50.0,50.0,2
887,time_decay,display,33.33333333333333,33.33333333333333,2
887,time_decay,tiktok,66.66666666666666,66.66666666666666,2
887,position_based,display,50.0,50.0,2
887,position_based,tiktok,50.0,50.0,2
903,last_click,email,100.0,100.0,5
903,linear,display,20.0,20.0,5
903,linear,tiktok,20.0,20.0,5
903,linear,email,20.0,20.0,5
903,linear,tiktok,20.0,20.0,5
903,linear,email,20.0,20.0,5
903,time_decay,display,3.225806451612903,3.225806451612903,5
903,time_decay,tiktok,6.451612903225806,6.451612903225806,5
903,time_decay,email,12.903225806451612,12.903225806451612,5
903,time_decay,tiktok,25.806451612903224,25.806451612903224,5
903,time_decay,email,51.61290322580645,51.61290322580645,5
903,position_based,display,40.0,40.0,5
903,position_based,tiktok,6.666666666666665,6.666666666666665,5
903,position_based,email,6.666666666666665,6.666666666666665,5
903,position_based,tiktok,6.666666666666665,6.666666666666665,5
903,position_based,email,40.0,40.0,5
908,last_click,display,100.0,100.0,5
908,linear,instagram,20.0,20.0,5
908,linear,tiktok,20.0,20.0,5
908,linear,display,20.0,20.0,5
908,linear,tiktok,20.0,20.0,5
908,linear,display,20.0,20.0,5
908,time_decay,instagram,3.225806451612903,3.225806451612903,5
908,time_decay,tiktok,6.451612903225806,6.451612903225806,5
908,time_decay,display,12.903225806451612,12.903225806451612,5
908,time_decay,tiktok,25.806451612903224,25.806451612903224,5
908,time_decay,display,51.61290322580645,51.61290322580645,5
908,position_based,instagram,40.0,40.0,5
908,position_based,tiktok,6.666666666666665,6.666666666666665,5
908,position_based,display,6.666666666666665,6.666666666666665,5
908,position_based,tiktok,6.666666666666665,6.666666666666665,5
908,position_based,display,40.0,40.0,5
909,last_click,tiktok,100.0,100.0,4
909,linear,instagram,25.0,25.0,4
909,linear,organic,25.0,25.0,4
909,linear,google_search,25.0,25.0,4
909,linear,tiktok,25.0,25.0,4
909,time_decay,instagram,6.666666666666667,6.666666666666667,4
909,time_decay,organic,13.333333333333334,13.333333333333334,4
909,time_decay,google_search,26.666666666666668,26.666666666666668,4
909,time_decay,tiktok,53.333333333333336,53.333333333333336,4
909,position_based,instagram,40.0,40.0,4
909,position_based,organic,9.999999999999998,9.999999999999998,4
909,position_based,google_search,9.999999999999998,9.999999999999998,4
909,position_based,tiktok,40.0,40.0,4
920,last_click,organic,100.0,100.0,6
920,linear,email,16.666666666666668,16.666666666666668,6
920,linear,google_search,16.666666666666668,16.666666666666668,6
920,linear,facebook,16.666666666666668,16.666666666666668,6
920,linear,instagram,16.666666666666668,16.666666666666668,6
920,linear,facebook,16.666666666666668,16.666666666666668,6
920,linear,organic,16.666666666666668,16.666666666666668,6
920,time_decay,email,1.5873015873015872,1.5873015873015872,6
920,time_decay,google_search,3.1746031746031744,3.1746031746031744,6
920,time_decay,facebook,6.349206349206349,6.349206349206349,6
920,time_decay,instagram,12.698412698412698,12.698412698412698,6
920,time_decay,facebook,25.396825396825395,25.396825396825395,6
920,time_decay,organic,50.79365079365079,50.79365079365079,6
920,position_based,email,40.0,40.0,6
920,position_based,google_search,4.999999999999999,4.999999999999999,6
920,position_based,facebook,4.999999999999999,4.999999999999999,6
920,position_based,instagram,4.999999999999999,4.999999999999999,6
920,position_based,facebook,4.999999999999999,4.999999999999999,6
920,position_based,organic,40.0,40.0,6
924,last_click,display,100.0,100.0,2
924,linear,tiktok,50.0,50.0,2
924,linear,display,50.0,50.0,2
924,time_decay,tiktok,33.33333333333333,33.33333333333333,2
924,time_decay,display,66.66666666666666,66.66666666666666,2
924,position_based,tiktok,50.0,50.0,2
924,position_based,display,50.0,50.0,2
937,last_click,organic,100.0,100.0,4
937,linear,google_search,25.0,25.0,4
937,linear,facebook,25.0,25.0,4
937,linear,facebook,25.0,25.0,4
937,linear,organic,25.0,25.0,4
937,time_decay,google_search,6.666666666666667,6.666666666666667,4
937,time_decay,facebook,13.333333333333334,13.333333333333334,4
937,time_decay,facebook,26.666666666666668,26.666666666666668,4
937,time_decay,organic,53.333333333333336,53.333333333333336,4
937,position_based,google_search,40.0,40.0,4
937,position_based,facebook,9.999999999999998,9.999999999999998,4
937,position_based,facebook,9.999999999999998,9.999999999999998,4
937,position_based,organic,40.0,40.0,4
939,last_click,google_search,100.0,100.0,2
939,linear,tiktok,50.0,50.0,2
939,linear,google_search,50.0,50.0,2
939,time_decay,tiktok,33.33333333333333,33.33333333333333,2
939,time_decay,google_search,66.66666666666666,66.66666666666666,2
939,position_based,tiktok,50.0,50.0,2
939,position_based,google_search,50.0,50.0,2
956,last_click,facebook,100.0,100.0,4
956,linear,tiktok,25.0,25.0,4
956,linear,display,25.0,25.0,4
956,linear,email,25.0,25.0,4
956,linear,facebook,25.0,25.0,4
956,time_decay,tiktok,6.666666666666667,6.666666666666667,4
956,time_decay,display,13.333333333333334,13.333333333333334,4
956,time_decay,email,26.666666666666668,26.666666666666668,4
956,time_decay,facebook,53.333333333333336,53.333333333333336,4
956,position_based,tiktok,40.0,40.0,4
956,position_based,display,9.999999999999998,9.999999999999998,4
956,position_based,email,9.999999999999998,9.999999999999998,4
956,position_based,facebook,40.0,40.0,4
966,last_click,display,100.0,100.0,5
966,linear,instagram,20.0,20.0,5
966,linear,display,20.0,20.0,5
966,linear,tiktok,20.0,20.0,5
966,linear,email,20.0,20.0,5
966,linear,display,20.0,20.0,5
966,time_decay,instagram,3.225806451612903,3.225806451612903,5
966,time_decay,display,6.451612903225806,6.451612903225806,5
966,time_decay,tiktok,12.903225806451612,12.903225806451612,5
966,time_decay,email,25.806451612903224,25.806451612903224,5
966,time_decay,display,51.61290322580645,51.61290322580645,5
966,position_based,instagram,40.0,40.0,5
966,position_based,display,6.666666666666665,6.666666666666665,5
966,position_based,tiktok,6.666666666666665,6.666666666666665,5
966,position_based,email,6.666666666666665,6.666666666666665,5
966,position_based,display,40.0,40.0,5
972,last_click,organic,100.0,100.0,2
972,linear,google_search,50.0,50.0,2
972,linear,organic,50.0,50.0,2
972,time_decay,google_search,33.33333333333333,33.33333333333333,2
972,time_decay,organic,66.66666666666666,66.66666666666666,2
972,position_based,google_search,50.0,50.0,2
972,position_based,organic,50.0,50.0,2
973,last_click,facebook,100.0,100.0,4
973,linear,facebook,25.0,25.0,4
973,linear,facebook,25.0,25.0,4
973,linear,instagram,25.0,25.0,4
973,linear,facebook,25.0,25.0,4
973,time_decay,facebook,6.666666666666667,6.666666666666667,4
973,time_decay,facebook,13.333333333333334,13.333333333333334,4
973,time_decay,instagram,26.666666666666668,26.666666666666668,4
973,time_decay,facebook,53.333333333333336,53.333333333333336,4
973,position_based,facebook,40.0,40.0,4
973,position_based,facebook,9.999999999999998,9.999999999999998,4
973,position_based,instagram,9.999999999999998,9.999999999999998,4
973,position_based,facebook,40.0,40.0,4
984,last_click,tiktok,100.0,100.0,3
984,linear,organic,33.333333333333336,33.333333333333336,3
984,linear,organic,33.333333333333336,33.333333333333336,3
984,linear,tiktok,33.333333333333336,33.333333333333336,3
984,time_decay,organic,14.285714285714285,14.285714285714285,3
984,time_decay,organic,28.57142857142857,28.57142857142857,3
984,time_decay,tiktok,57.14285714285714,57.14285714285714,3
984,position_based,organic,40.0,40.0,3
984,position_based,organic,19.999999999999996,19.999999999999996,3
984,position_based,tiktok,40.0,40.0,3
993,last_click,google_search,100.0,100.0,7
993,linear,organic,14.285714285714286,14.285714285714286,7
993,linear,tiktok,14.285714285714286,14.285714285714286,7
993,linear,facebook,14.285714285714286,14.285714285714286,7
993,linear,display,14.285714285714286,14.285714285714286,7
993,linear,email,14.285714285714286,14.285714285714286,7
993,linear,facebook,14.285714285714286,14.285714285714286,7
993,linear,google_search,14.285714285714286,14.285714285714286,7
993,time_decay,organic,0.7874015748031495,0.7874015748031495,7
993,time_decay,tiktok,1.574803149606299,1.574803149606299,7
993,time_decay,facebook,3.149606299212598,3.149606299212598,7
993,time_decay,display,6.299212598425196,6.299212598425196,7
993,time_decay,email,12.598425196850393,12.598425196850393,7
993,time_decay,facebook,25.196850393700785,25.196850393700785,7
993,time_decay,google_search,50.39370078740157,50.39370078740157,7
993,position_based,organic,40.0,40.0,7
993,position_based,tiktok,3.999999999999999,3.9999999999999996,7
993,position_based,facebook,3.999999999999999,3.9999999999999996,7
993,position_based,display,3.999999999999999,3.9999999999999996,7
993,position_based,email,3.999999999999999,3.9999999999999996,7
993,position_based,facebook,3.999999999999999,3.9999999999999996,7
993,position_based,google_search,40.0,40.0,7
1001,last_click,display,100.0,100.0,6
1001,linear,email,16.666666666666668,16.666666666666668,6
1001,linear,organic,16.666666666666668,16.666666666666668,6
1001,linear,google_search,16.666666666666668,16.666666666666668,6
1001,linear,email,16.666666666666668,16.666666666666668,6
1001,linear,email,16.666666666666668,16.666666666666668,6
1001,linear,display,16.666666666666668,16.666666666666668,6
1001,time_decay,email,1.5873015873015872,1.5873015873015872,6
1001,time_decay,organic,3.1746031746031744,3.1746031746031744,6
1001,time_decay,google_search,6.349206349206349,6.349206349206349,6
1001,time_decay,email,12.698412698412698,12.698412698412698,6
1001,time_decay,email,25.396825396825395,25.396825396825395,6
1001,time_decay,display,50.79365079365079,50.79365079365079,6
1001,position_based,email,40.0,40.0,6
1001,position_based,organic,4.999999999999999,4.999999999999999,6
1001,position_based,google_search,4.999999999999999,4.999999999999999,6
1001,position_based,email,4.999999999999999,4.999999999999999,6
1001,position_based,email,4.999999999999999,4.999999999999999,6
1001,position_based,display,40.0,40.0,6
1004,last_click,tiktok,100.0,100.0,5
1004,linear,facebook,20.0,20.0,5
1004,linear,email,20.0,20.0,5
1004,linear,display,20.0,20.0,5
1004,linear,tiktok,20.0,20.0,5
1004,linear,tiktok,20.0,20.0,5
1004,time_decay,facebook,3.225806451612903,3.225806451612903,5
1004,time_decay,email,6.451612903225806,6.451612903225806,5
1004,time_decay,display,12.903225806451612,12.903225806451612,5
1004,time_decay,tiktok,25.806451612903224,25.806451612903224,5
1004,time_decay,tiktok,51.61290322580645,51.61290322580645,5
1004,position_based,facebook,40.0,40.0,5
1004,position_based,email,6.666666666666665,6.666666666666665,5
1004,position_based,display,6.666666666666665,6.666666666666665,5
1004,position_based,tiktok,6.666666666666665,6.666666666666665,5
1004,position_based,tiktok,40.0,40.0,5
1028,last_click,google_search,100.0,100.0,5
1028,linear,facebook,20.0,20.0,5
1028,linear,email,20.0,20.0,5
1028,linear,organic,20.0,20.0,5
1028,linear,organic,20.0,20.0,5
1028,linear,google_search,20.0,20.0,5
1028,time_decay,facebook,3.225806451612903,3.225806451612903,5
1028,time_decay,email,6.451612903225806,6.451612903225806,5
1028,time_decay,organic,12.903225806451612,12.903225806451612,5
1028,time_decay,organic,25.806451612903224,25.806451612903224,5
1028,time_decay,google_search,51.61290322580645,51.61290322580645,5
1028,position_based,facebook,40.0,40.0,5
1028,position_based,email,6.666666666666665,6.666666666666665,5
1028,position_based,organic,6.666666666666665,6.666666666666665,5
1028,position_based,organic,6.666666666666665,6.666666666666665,5
1028,position_based,google_search,40.0,40.0,5
1030,last_click,tiktok,100.0,100.0,6
1030,linear,organic,16.666666666666668,16.666666666666668,6
1030,linear,facebook,16.666666666666668,16.666666666666668,6
1030,linear,tiktok,16.666666666666668,16.666666666666668,6
1030,linear,email,16.666666666666668,16.666666666666668,6
1030,linear,display,16.666666666666668,16.666666666666668,6
1030,linear,tiktok,16.666666666666668,16.666666666666668,6
1030,time_decay,organic,1.5873015873015872,1.5873015873015872,6
1030,time_decay,facebook,3.1746031746031744,3.1746031746031744,6
1030,time_decay,tiktok,6.349206349206349,6.349206349206349,6
1030,time_decay,email,12.698412698412698,12.698412698412698,6
1030,time_decay,display,25.396825396825395,25.396825396825395,6
1030,time_decay,tiktok,50.79365079365079,50.79365079365079,6
1030,position_based,organic,40.0,40.0,6
1030,position_based,facebook,4.999999999999999,4.999999999999999,6
1030,position_based,tiktok,4.999999999999999,4.999999999999999,6
1030,position_based,email,4.999999999999999,4.999999999999999,6
1030,position_based,display,4.999999999999999,4.999999999999999,6
1030,position_based,tiktok,40.0,40.0,6
1034,last_click,display,100.0,100.0,4
1034,linear,tiktok,25.0,25.0,4
1034,linear,instagram,25.0,25.0,4
1034,linear,google_search,25.0,25.0,4
1034,linear,display,25.0,25.0,4
1034,time_decay,tiktok,6.666666666666667,6.666666666666667,4
1034,time_decay,instagram,13.333333333333334,13.333333333333334,4
1034,time_decay,google_search,26.666666666666668,26.666666666666668,4
1034,time_decay,display,53.333333333333336,53.333333333333336,4
1034,position_based,tiktok,40.0,40.0,4
1034,position_based,instagram,9.999999999999998,9.999999999999998,4
1034,position_based,google_search,9.999999999999998,9.999999999999998,4
1034,position_based,display,40.0,40.0,4
1042,last_click,instagram,100.0,100.0,4
1042,linear,google_search,25.0,25.0,4
1042,linear,tiktok,25.0,25.0,4
1042,linear,facebook,25.0,25.0,4
1042,linear,instagram,25.0,25.0,4
1042,time_decay,google_search,6.666666666666667,6.666666666666667,4
1042,time_decay,tiktok,13.333333333333334,13.333333333333334,4
1042,time_decay,facebook,26.666666666666668,26.666666666666668,4
1042,time_decay,instagram,53.333333333333336,53.333333333333336,4
1042,position_based,google_search,40.0,40.0,4
1042,position_based,tiktok,9.999999999999998,9.999999999999998,4
1042,position_based,facebook,9.999999999999998,9.999999999999998,4
1042,position_based,instagram,40.0,40.0,4
1045,last_click,google_search,100.0,100.0,5
1045,linear,tiktok,20.0,20.0,5
1045,linear,tiktok,20.0,20.0,5
1045,linear,instagram,20.0,20.0,5
1045,linear,email,20.0,20.0,5
1045,linear,google_search,20.0,20.0,5
1045,time_decay,tiktok,3.225806451612903,3.225806451612903,5
1045,time_decay,tiktok,6.451612903225806,6.451612903225806,5
1045,time_decay,instagram,12.903225806451612,12.903225806451612,5
1045,time_decay,email,25.806451612903224,25.806451612903224,5
1045,time_decay,google_search,51.61290322580645,51.61290322580645,5
1045,position_based,tiktok,40.0,40.0,5
1045,position_based,tiktok,6.666666666666665,6.666666666666665,5
1045,position_based,instagram,6.666666666666665,6.666666666666665,5
1045,position_based,email,6.666666666666665,6.666666666666665,5
1045,position_based,google_search,40.0,40.0,5
1053,last_click,facebook,100.0,100.0,2
1053,linear,display,50.0,50.0,2
1053,linear,facebook,50.0,50.0,2
1053,time_decay,display,33.33333333333333,33.33333333333333,2
1053,time_decay,facebook,66.66666666666666,66.66666666666666,2
1053,position_based,display,50.0,50.0,2
1053,position_based,facebook,50.0,50.0,2
1058,last_click,display,100.0,100.0,2
1058,linear,instagram,50.0,50.0,2
1058,linear,display,50.0,50.0,2
1058,time_decay,instagram,33.33333333333333,33.33333333333333,2
1058,time_decay,display,66.66666666666666,66.66666666666666,2
1058,position_based,instagram,50.0,50.0,2
1058,position_based,display,50.0,50.0,2
1060,last_click,display,100.0,100.0,4
1060,linear,display,25.0,25.0,4
1060,linear,email,25.0,25.0,4
1060,linear,facebook,25.0,25.0,4
1060,linear,display,25.0,25.0,4
1060,time_decay,display,6.666666666666667,6.666666666666667,4
1060,time_decay,email,13.333333333333334,13.333333333333334,4
1060,time_decay,facebook,26.666666666666668,26.666666666666668,4
1060,time_decay,display,53.333333333333336,53.333333333333336,4
1060,position_based,display,40.0,40.0,4
1060,position_based,email,9.999999999999998,9.999999999999998,4
1060,position_based,facebook,9.999999999999998,9.999999999999998,4
1060,position_based,display,40.0,40.0,4
1061,last_click,facebook,100.0,100.0,2
1061,linear,google_search,50.0,50.0,2
1061,linear,facebook,50.0,50.0,2
1061,time_decay,google_search,33.33333333333333,33.33333333333333,2
1061,time_decay,facebook,66.66666666666666,66.66666666666666,2
1061,position_based,google_search,50.0,50.0,2
1061,position_based,facebook,50.0,50.0,2
1062,last_click,instagram,100.0,100.0,4
1062,linear,instagram,25.0,25.0,4
1062,linear,tiktok,25.0,25.0,4
1062,linear,organic,25.0,25.0,4
1062,linear,instagram,25.0,25.0,4
1062,time_decay,instagram,6.666666666666667,6.666666666666667,4
1062,time_decay,tiktok,13.333333333333334,13.333333333333334,4
1062,time_decay,organic,26.666666666666668,26.666666666666668,4
1062,time_decay,instagram,53.333333333333336,53.333333333333336,4
1062,position_based,instagram,40.0,40.0,4
1062,position_based,tiktok,9.999999999999998,9.999999999999998,4
1062,position_based,organic,9.999999999999998,9.999999999999998,4
1062,position_based,instagram,40.0,40.0,4
1073,last_click,google_search,100.0,100.0,2
1073,linear,display,50.0,50.0,2
1073,linear,google_search,50.0,50.0,2
1073,time_decay,display,33.33333333333333,33.33333333333333,2
1073,time_decay,google_search,66.66666666666666,66.66666666666666,2
1073,position_based,display,50.0,50.0,2
1073,position_based,google_search,50.0,50.0,2
1082,last_click,facebook,100.0,100.0,4
1082,linear,tiktok,25.0,25.0,4
1082,linear,tiktok,25.0,25.0,4
1082,linear,instagram,25.0,25.0,4
1082,linear,facebook,25.0,25.0,4
1082,time_decay,tiktok,6.666666666666667,6.666666666666667,4
1082,time_decay,tiktok,13.333333333333334,13.333333333333334,4
1082,time_decay,instagram,26.666666666666668,26.666666666666668,4
1082,time_decay,facebook,53.333333333333336,53.333333333333336,4
1082,position_based,tiktok,40.0,40.0,4
1082,position_based,tiktok,9.999999999999998,9.999999999999998,4
1082,position_based,instagram,9.999999999999998,9.999999999999998,4
1082,position_based,facebook,40.0,40.0,4
1086,last_click,organic,100.0,100.0,4
1086,linear,email,25.0,25.0,4
1086,linear,google_search,25.0,25.0,4
1086,linear,organic,25.0,25.0,4
1086,linear,organic,25.0,25.0,4
1086,time_decay,email,6.666666666666667,6.666666666666667,4
1086,time_decay,google_search,13.333333333333334,13.333333333333334,4
1086,time_decay,organic,26.666666666666668,26.666666666666668,4
1086,time_decay,organic,53.333333333333336,53.333333333333336,4
1086,position_based,email,40.0,40.0,4
1086,position_based,google_search,9.999999999999998,9.999999999999998,4
1086,position_based,organic,9.999999999999998,9.999999999999998,4
1086,position_based,organic,40.0,40.0,4
1087,last_click,organic,100.0,100.0,6
1087,linear,tiktok,16.666666666666668,16.666666666666668,6
1087,linear,google_search,16.666666666666668,16.666666666666668,6
1087,linear,display,16.666666666666668,16.666666666666668,6
1087,linear,google_search,16.666666666666668,16.666666666666668,6
1087,linear,facebook,16.666666666666668,16.666666666666668,6
1087,linear,organic,16.666666666666668,16.666666666666668,6
1087,time_decay,tiktok,1.5873015873015872,1.5873015873015872,6
1087,time_decay,google_search,3.1746031746031744,3.1746031746031744,6
1087,time_decay,display,6.349206349206349,6.349206349206349,6
1087,time_decay,google_search,12.698412698412698,12.698412698412698,6
1087,time_decay,facebook,25.396825396825395,25.396825396825395,6
1087,time_decay,organic,50.79365079365079,50.79365079365079,6
1087,position_based,tiktok,40.0,40.0,6
1087,position_based,google_search,4.999999999999999,4.999999999999999,6
1087,position_based,display,4.999999999999999,4.999999999999999,6
1087,position_based,google_search,4.999999999999999,4.999999999999999,6
1087,position_based,facebook,4.999999999999999,4.999999999999999,6
1087,position_based,organic,40.0,40.0,6
1090,last_click,facebook,100.0,100.0,6
1090,linear,instagram,16.666666666666668,16.666666666666668,6
1090,linear,facebook,16.666666666666668,16.666666666666668,6
1090,linear,facebook,16.666666666666668,16.666666666666668,6
1090,linear,instagram,16.666666666666668,16.666666666666668,6
1090,linear,instagram,16.666666666666668,16.666666666666668,6
1090,linear,facebook,16.666666666666668,16.666666666666668,6
1090,time_decay,instagram,1.5873015873015872,1.5873015873015872,6
1090,time_decay,facebook,3.1746031746031744,3.1746031746031744,6
1090,time_decay,facebook,6.349206349206349,6.349206349206349,6
1090,time_decay,instagram,12.698412698412698,12.698412698412698,6
1090,time_decay,instagram,25.396825396825395,25.396825396825395,6
1090,time_decay,facebook,50.79365079365079,50.79365079365079,6
1090,position_based,instagram,40.0,40.0,6
1090,position_based,facebook,4.999999999999999,4.999999999999999,6
1090,position_based,facebook,4.999999999999999,4.999999999999999,6
1090,position_based,instagram,4.999999999999999,4.999999999999999,6
1090,position_based,instagram,4.999999999999999,4.999999999999999,6
1090,position_based,facebook,40.0,40.0,6
1093,last_click,organic,100.0,100.0,3
1093,linear,google_search,33.333333333333336,33.333333333333336,3
1093,linear,instagram,33.333333333333336,33.333333333333336,3
1093,linear,organic,33.333333333333336,33.333333333333336,3
1093,time_decay,google_search,14.285714285714285,14.285714285714285,3
1093,time_decay,instagram,28.57142857142857,28.57142857142857,3
1093,time_decay,organic,57.14285714285714,57.14285714285714,3
1093,position_based,google_search,40.0,40.0,3
1093,position_based,instagram,19.999999999999996,19.999999999999996,3
1093,position_based,organic,40.0,40.0,3
1097,last_click,display,100.0,100.0,5
1097,linear,facebook,20.0,20.0,5
1097,linear,google_search,20.0,20.0,5
1097,linear,email,20.0,20.0,5
1097,linear,google_search,20.0,20.0,5
1097,linear,display,20.0,20.0,5
1097,time_decay,facebook,3.225806451612903,3.225806451612903,5
1097,time_decay,google_search,6.451612903225806,6.451612903225806,5
1097,time_decay,email,12.903225806451612,12.903225806451612,5
1097,time_decay,google_search,25.806451612903224,25.806451612903224,5
1097,time_decay,display,51.61290322580645,51.61290322580645,5
1097,position_based,facebook,40.0,40.0,5
1097,position_based,google_search,6.666666666666665,6.666666666666665,5
1097,position_based,email,6.666666666666665,6.666666666666665,5
1097,position_based,google_search,6.666666666666665,6.666666666666665,5
1097,position_based,display,40.0,40.0,5
1106,last_click,tiktok,100.0,100.0,7
1106,linear,instagram,14.285714285714286,14.285714285714286,7
1106,linear,display,14.285714285714286,14.285714285714286,7
1106,linear,display,14.285714285714286,14.285714285714286,7
1106,linear,google_search,14.285714285714286,14.285714285714286,7
1106,linear,display,14.285714285714286,14.285714285714286,7
1106,linear,display,14.285714285714286,14.285714285714286,7
1106,linear,tiktok,14.285714285714286,14.285714285714286,7
1106,time_decay,instagram,0.7874015748031495,0.7874015748031495,7
1106,time_decay,display,1.574803149606299,1.574803149606299,7
1106,time_decay,display,3.149606299212598,3.149606299212598,7
1106,time_decay,google_search,6.299212598425196,6.299212598425196,7
1106,time_decay,display,12.598425196850393,12.598425196850393,7
1106,time_decay,display,25.196850393700785,25.196850393700785,7
1106,time_decay,tiktok,50.39370078740157,50.39370078740157,7
1106,position_based,instagram,40.0,40.0,7
1106,position_based,display,3.999999999999999,3.9999999999999996,7
1106,position_based,display,3.999999999999999,3.9999999999999996,7
1106,position_based,google_search,3.999999999999999,3.9999999999999996,7
1106,position_based,display,3.999999999999999,3.9999999999999996,7
1106,position_based,display,3.999999999999999,3.9999999999999996,7
1106,position_based,tiktok,40.0,40.0,7
1121,last_click,email,100.0,100.0,6
1121,linear,facebook,16.666666666666668,16.666666666666668,6
1121,linear,facebook,16.666666666666668,16.666666666666668,6
1121,linear,google_search,16.666666666666668,16.666666666666668,6
1121,linear,organic,16.666666666666668,16.666666666666668,6
1121,linear,email,16.666666666666668,16.666666666666668,6
1121,linear,email,16.666666666666668,16.666666666666668,6
1121,time_decay,facebook,1.5873015873015872,1.5873015873015872,6
1121,time_decay,facebook,3.1746031746031744,3.1746031746031744,6
1121,time_decay,google_search,6.349206349206349,6.349206349206349,6
1121,time_decay,organic,12.698412698412698,12.698412698412698,6
1121,time_decay,email,25.396825396825395,25.396825396825395,6
1121,time_decay,email,50.79365079365079,50.79365079365079,6
1121,position_based,facebook,40.0,40.0,6
1121,position_based,facebook,4.999999999999999,4.999999999999999,6
1121,position_based,google_search,4.999999999999999,4.999999999999999,6
1121,position_based,organic,4.999999999999999,4.999999999999999,6
1121,position_based,email,4.999999999999999,4.999999999999999,6
1121,position_based,email,40.0,40.0,6
1122,last_click,google_search,100.0,100.0,3
1122,linear,facebook,33.333333333333336,33.333333333333336,3
1122,linear,email,33.333333333333336,33.333333333333336,3
1122,linear,google_search,33.333333333333336,33.333333333333336,3
1122,time_decay,facebook,14.285714285714285,14.285714285714285,3
1122,time_decay,email,28.57142857142857,28.57142857142857,3
1122,time_decay,google_search,57.14285714285714,57.14285714285714,3
1122,position_based,facebook,40.0,40.0,3
1122,position_based,email,19.999999999999996,19.999999999999996,3
1122,position_based,google_search,40.0,40.0,3
1127,last_click,tiktok,100.0,100.0,5
1127,linear,instagram,20.0,20.0,5
1127,linear,display,20.0,20.0,5
1127,linear,tiktok,20.0,20.0,5
1127,linear,facebook,20.0,20.0,5
1127,linear,tiktok,20.0,20.0,5
1127,time_decay,instagram,3.225806451612903,3.225806451612903,5
1127,time_decay,display,6.451612903225806,6.451612903225806,5
1127,time_decay,tiktok,12.903225806451612,12.903225806451612,5
1127,time_decay,facebook,25.806451612903224,25.806451612903224,5
1127,time_decay,tiktok,51.61290322580645,51.61290322580645,5
1127,position_based,instagram,40.0,40.0,5
1127,position_based,display,6.666666666666665,6.666666666666665,5
1127,position_based,tiktok,6.666666666666665,6.666666666666665,5
1127,position_based,facebook,6.666666666666665,6.666666666666665,5
1127,position_based,tiktok,40.0,40.0,5
1129,last_click,email,100.0,100.0,7
1129,linear,display,14.285714285714286,14.285714285714286,7
1129,linear,facebook,14.285714285714286,14.285714285714286,7
1129,linear,instagram,14.285714285714286,14.285714285714286,7
1129,linear,instagram,14.285714285714286,14.285714285714286,7
1129,linear,email,14.285714285714286,14.285714285714286,7
1129,linear,google_search,14.285714285714286,14.285714285714286,7
1129,linear,email,14.285714285714286,14.285714285714286,7
1129,time_decay,display,0.7874015748031495,0.7874015748031495,7
1129,time_decay,facebook,1.574803149606299,1.574803149606299,7
1129,time_decay,instagram,3.149606299212598,3.149606299212598,7
1129,time_decay,instagram,6.299212598425196,6.299212598425196,7
1129,time_decay,email,12.598425196850393,12.598425196850393,7
1129,time_decay,google_search,25.196850393700785,25.196850393700785,7
1129,time_decay,email,50.39370078740157,50.39370078740157,7
1129,position_based,display,40.0,40.0,7
1129,position_based,facebook,3.999999999999999,3.9999999999999996,7
1129,position_based,instagram,3.999999999999999,3.9999999999999996,7
1129,position_based,instagram,3.999999999999999,3.9999999999999996,7
1129,position_based,email,3.999999999999999,3.9999999999999996,7
1129,position_based,google_search,3.999999999999999,3.9999999999999996,7
1129,position_based,email,40.0,40.0,7
1130,last_click,instagram,100.0,100.0,3
1130,linear,instagram,33.333333333333336,33.333333333333336,3
1130,linear,organic,33.333333333333336,33.333333333333336,3
1130,linear,instagram,33.333333333333336,33.333333333333336,3
1130,time_decay,instagram,14.285714285714285,14.285714285714285,3
1130,time_decay,organic,28.57142857142857,28.57142857142857,3
1130,time_decay,instagram,57.14285714285714,57.14285714285714,3
1130,position_based,instagram,40.0,40.0,3
1130,position_based,organic,19.999999999999996,19.999999999999996,3
1130,position_based,instagram,40.0,40.0,3
1131,last_click,email,100.0,100.0,4
1131,linear,facebook,25.0,25.0,4
1131,linear,display,25.0,25.0,4
1131,linear,organic,25.0,25.0,4
1131,linear,email,25.0,25.0,4
1131,time_decay,facebook,6.666666666666667,6.666666666666667,4
1131,time_decay,display,13.333333333333334,13.333333333333334,4
1131,time_decay,organic,26.666666666666668,26.666666666666668,4
1131,time_decay,email,53.333333333333336,53.333333333333336,4
1131,position_based,facebook,40.0,40.0,4
1131,position_based,display,9.999999999999998,9.999999999999998,4
1131,position_based,organic,9.999999999999998,9.999999999999998,4
1131,position_based,email,40.0,40.0,4
1136,last_click,google_search,100.0,100.0,2
1136,linear,facebook,50.0,50.0,2
1136,linear,google_search,50.0,50.0,2
1136,time_decay,facebook,33.33333333333333,33.33333333333333,2
1136,time_decay,google_search,66.66666666666666,66.66666666666666,2
1136,position_based,facebook,50.0,50.0,2
1136,position_based,google_search,50.0,50.0,2
1138,last_click,email,100.0,100.0,7
1138,linear,email,14.285714285714286,14.285714285714286,7
1138,linear,email,14.285714285714286,14.285714285714286,7
1138,linear,google_search,14.285714285714286,14.285714285714286,7
1138,linear,google_search,14.285714285714286,14.285714285714286,7
1138,linear,tiktok,14.285714285714286,14.285714285714286,7
1138,linear,email,14.285714285714286,14.285714285714286,7
1138,linear,email,14.285714285714286,14.285714285714286,7
1138,time_decay,email,0.7874015748031495,0.7874015748031495,7
1138,time_decay,email,1.574803149606299,1.574803149606299,7
1138,time_decay,google_search,3.149606299212598,3.149606299212598,7
1138,time_decay,google_search,6.299212598425196,6.299212598425196,7
1138,time_decay,tiktok,12.598425196850393,12.598425196850393,7
1138,time_decay,email,25.196850393700785,25.196850393700785,7
1138,time_decay,email,50.39370078740157,50.39370078740157,7
1138,position_based,email,40.0,40.0,7
1138,position_based,email,3.999999999999999,3.9999999999999996,7
1138,position_based,google_search,3.999999999999999,3.9999999999999996,7
1138,position_based,google_search,3.999999999999999,3.9999999999999996,7
1138,position_based,tiktok,3.999999999999999,3.9999999999999996,7
1138,position_based,email,3.999999999999999,3.9999999999999996,7
1138,position_based,email,40.0,40.0,7
1140,last_click,display,100.0,100.0,7
1140,linear,facebook,14.285714285714286,14.285714285714286,7
1140,linear,organic,14.285714285714286,14.285714285714286,7
1140,linear,display,14.285714285714286,14.285714285714286,7
1140,linear,display,14.285714285714286,14.285714285714286,7
1140,linear,email,14.285714285714286,14.285714285714286,7
1140,linear,instagram,14.285714285714286,14.285714285714286,7
1140,linear,display,14.285714285714286,14.285714285714286,7
1140,time_decay,facebook,0.7874015748031495,0.7874015748031495,7
1140,time_decay,organic,1.574803149606299,1.574803149606299,7
1140,time_decay,display,3.149606299212598,3.149606299212598,7
1140,time_decay,display,6.299212598425196,6.299212598425196,7
1140,time_decay,email,12.598425196850393,12.598425196850393,7
1140,time_decay,instagram,25.196850393700785,25.196850393700785,7
1140,time_decay,display,50.39370078740157,50.39370078740157,7
1140,position_based,facebook,40.0,40.0,7
1140,position_based,organic,3.999999999999999,3.9999999999999996,7
1140,position_based,display,3.999999999999999,3.9999999999999996,7
1140,position_based,display,3.999999999999999,3.9999999999999996,7
1140,position_based,email,3.999999999999999,3.9999999999999996,7
1140,position_based,instagram,3.999999999999999,3.9999999999999996,7
1140,position_based,display,40.0,40.0,7
1141,last_click,tiktok,100.0,100.0,2
1141,linear,tiktok,50.0,50.0,2
1141,linear,tiktok,50.0,50.0,2
1141,time_decay,tiktok,33.33333333333333,33.33333333333333,2
1141,time_decay,tiktok,66.66666666666666,66.66666666666666,2
1141,position_based,tiktok,50.0,50.0,2
1141,position_based,tiktok,50.0,50.0,2
1154,last_click,google_search,100.0,100.0,2
1154,linear,facebook,50.0,50.0,2
1154,linear,google_search,50.0,50.0,2
1154,time_decay,facebook,33.33333333333333,33.33333333333333,2
1154,time_decay,google_search,66.66666666666666,66.66666666666666,2
1154,position_based,facebook,50.0,50.0,2
1154,position_based,google_search,50.0,50.0,2
1168,last_click,display,100.0,100.0,5
1168,linear,organic,20.0,20.0,5
1168,linear,google_search,20.0,20.0,5
1168,linear,organic,20.0,20.0,5
1168,linear,display,20.0,20.0,5
1168,linear,display,20.0,20.0,5
1168,time_decay,organic,3.225806451612903,3.225806451612903,5
1168,time_decay,google_search,6.451612903225806,6.451612903225806,5
1168,time_decay,organic,12.903225806451612,12.903225806451612,5
1168,time_decay,display,25.806451612903224,25.806451612903224,5
1168,time_decay,display,51.61290322580645,51.61290322580645,5
1168,position_based,organic,40.0,40.0,5
1168,position_based,google_search,6.666666666666665,6.666666666666665,5
1168,position_based,organic,6.666666666666665,6.666666666666665,5
1168,position_based,display,6.666666666666665,6.666666666666665,5
1168,position_based,display,40.0,40.0,5
1176,last_click,google_search,100.0,100.0,3
1176,linear,facebook,33.333333333333336,33.333333333333336,3
1176,linear,tiktok,33.333333333333336,33.333333333333336,3
1176,linear,google_search,33.333333333333336,33.333333333333336,3
1176,time_decay,facebook,14.285714285714285,14.285714285714285,3
1176,time_decay,tiktok,28.57142857142857,28.57142857142857,3
1176,time_decay,google_search,57.14285714285714,57.14285714285714,3
1176,position_based,facebook,40.0,40.0,3
1176,position_based,tiktok,19.999999999999996,19.999999999999996,3
1176,position_based,google_search,40.0,40.0,3
1185,last_click,google_search,100.0,100.0,4
1185,linear,instagram,25.0,25.0,4
1185,linear,email,25.0,25.0,4
1185,linear,instagram,25.0,25.0,4
1185,linear,google_search,25.0,25.0,4
1185,time_decay,instagram,6.666666666666667,6.666666666666667,4
1185,time_decay,email,13.333333333333334,13.333333333333334,4
1185,time_decay,instagram,26.666666666666668,26.666666666666668,4
1185,time_decay,google_search,53.333333333333336,53.333333333333336,4
1185,position_based,instagram,40.0,40.0,4
1185,position_based,email,9.999999999999998,9.999999999999998,4
1185,position_based,instagram,9.999999999999998,9.999999999999998,4
1185,position_based,google_search,40.0,40.0,4
1187,last_click,email,100.0,100.0,3
1187,linear,tiktok,33.333333333333336,33.333333333333336,3
1187,linear,display,33.333333333333336,33.333333333333336,3
1187,linear,email,33.333333333333336,33.333333333333336,3
1187,time_decay,tiktok,14.285714285714285,14.285714285714285,3
1187,time_decay,display,28.57142857142857,28.57142857142857,3
1187,time_decay,email,57.14285714285714,57.14285714285714,3
1187,position_based,tiktok,40.0,40.0,3
1187,position_based,display,19.999999999999996,19.999999999999996,3
1187,position_based,email,40.0,40.0,3
1191,last_click,display,100.0,100.0,1
1191,linear,display,100.0,100.0,1
1191,time_decay,display,100.0,100.0,1
1191,position_based,display,100.0,100.0,1
1195,last_click,display,100.0,100.0,5
1195,linear,tiktok,20.0,20.0,5
1195,linear,facebook,20.0,20.0,5
1195,linear,google_search,20.0,20.0,5
1195,linear,tiktok,20.0,20.0,5
1195,linear,display,20.0,20.0,5
1195,time_decay,tiktok,3.225806451612903,3.225806451612903,5
1195,time_decay,facebook,6.451612903225806,6.451612903225806,5
1195,time_decay,google_search,12.903225806451612,12.903225806451612,5
1195,time_decay,tiktok,25.806451612903224,25.806451612903224,5
1195,time_decay,display,51.61290322580645,51.61290322580645,5
1195,position_based,tiktok,40.0,40.0,5
1195,position_based,facebook,6.666666666666665,6.666666666666665,5
1195,position_based,google_search,6.666666666666665,6.666666666666665,5
1195,position_based,tiktok,6.666666666666665,6.666666666666665,5
1195,position_based,display,40.0,40.0,5
1196,last_click,instagram,100.0,100.0,3
1196,linear,display,33.333333333333336,33.333333333333336,3
1196,linear,organic,33.333333333333336,33.333333333333336,3
1196,linear,instagram,33.333333333333336,33.333333333333336,3
1196,time_decay,display,14.285714285714285,14.285714285714285,3
1196,time_decay,organic,28.57142857142857,28.57142857142857,3
1196,time_decay,instagram,57.14285714285714,57.14285714285714,3
1196,position_based,display,40.0,40.0,3
1196,position_based,organic,19.999999999999996,19.999999999999996,3
1196,position_based,instagram,40.0,40.0,3
1202,last_click,facebook,100.0,100.0,4
1202,linear,tiktok,25.0,25.0,4
1202,linear,facebook,25.0,25.0,4
1202,linear,google_search,25.0,25.0,4
1202,linear,facebook,25.0,25.0,4
1202,time_decay,tiktok,6.666666666666667,6.666666666666667,4
1202,time_decay,facebook,13.333333333333334,13.333333333333334,4
1202,time_decay,google_search,26.666666666666668,26.666666666666668,4
1202,time_decay,facebook,53.333333333333336,53.333333333333336,4
1202,position_based,tiktok,40.0,40.0,4
1202,position_based,facebook,9.999999999999998,9.999999999999998,4
1202,position_based,google_search,9.999999999999998,9.999999999999998,4
1202,position_based,facebook,40.0,40.0,4
1207,last_click,facebook,100.0,100.0,5
1207,linear,instagram,20.0,20.0,5
1207,linear,display,20.0,20.0,5
1207,linear,instagram,20.0,20.0,5
1207,linear,google_search,20.0,20.0,5
1207,linear,facebook,20.0,20.0,5
1207,time_decay,instagram,3.225806451612903,3.225806451612903,5
1207,time_decay,display,6.451612903225806,6.451612903225806,5
1207,time_decay,instagram,12.903225806451612,12.903225806451612,5
1207,time_decay,google_search,25.806451612903224,25.806451612903224,5
1207,time_decay,facebook,51.61290322580645,51.61290322580645,5
1207,position_based,instagram,40.0,40.0,5
1207,position_based,display,6.666666666666665,6.666666666666665,5
1207,position_based,instagram,6.666666666666665,6.666666666666665,5
1207,position_based,google_search,6.666666666666665,6.666666666666665,5
1207,position_based,facebook,40.0,40.0,5
1228,last_click,email,100.0,100.0,4
1228,linear,display,25.0,25.0,4
1228,linear,google_search,25.0,25.0,4
1228,linear,google_search,25.0,25.0,4
1228,linear,email,25.0,25.0,4
1228,time_decay,display,6.666666666666667,6.666666666666667,4
1228,time_decay,google_search,13.333333333333334,13.333333333333334,4
1228,time_decay,google_search,26.666666666666668,26.666666666666668,4
1228,time_decay,email,53.333333333333336,53.333333333333336,4
1228,position_based,display,40.0,40.0,4
1228,position_based,google_search,9.999999999999998,9.999999999999998,4
1228,position_based,google_search,9.999999999999998,9.999999999999998,4
1228,position_based,email,40.0,40.0,4
1234,last_click,tiktok,100.0,100.0,3
1234,linear,tiktok,33.333333333333336,33.333333333333336,3
1234,linear,organic,33.333333333333336,33.333333333333336,3
1234,linear,tiktok,33.333333333333336,33.333333333333336,3
1234,time_decay,tiktok,14.285714285714285,14.285714285714285,3
1234,time_decay,organic,28.57142857142857,28.57142857142857,3
1234,time_decay,tiktok,57.14285714285714,57.14285714285714,3
1234,position_based,tiktok,40.0,40.0,3
1234,position_based,organic,19.999999999999996,19.999999999999996,3
1234,position_based,tiktok,40.0,40.0,3
1244,last_click,google_search,100.0,100.0,2
1244,linear,email,50.0,50.0,2
1244,linear,google_search,50.0,50.0,2
1244,time_decay,email,33.33333333333333,33.33333333333333,2
1244,time_decay,google_search,66.66666666666666,66.66666666666666,2
1244,position_based,email,50.0,50.0,2
1244,position_based,google_search,50.0,50.0,2
1248,last_click,google_search,100.0,100.0,5
1248,linear,tiktok,20.0,20.0,5
1248,linear,instagram,20.0,20.0,5
1248,linear,instagram,20.0,20.0,5
1248,linear,google_search,20.0,20.0,5
1248,linear,google_search,20.0,20.0,5
1248,time_decay,tiktok,3.225806451612903,3.225806451612903,5
1248,time_decay,instagram,6.451612903225806,6.451612903225806,5
1248,time_decay,instagram,12.903225806451612,12.903225806451612,5
1248,time_decay,google_search,25.806451612903224,25.806451612903224,5
1248,time_decay,google_search,51.61290322580645,51.61290322580645,5
1248,position_based,tiktok,40.0,40.0,5
1248,position_based,instagram,6.666666666666665,6.666666666666665,5
1248,position_based,instagram,6.666666666666665,6.666666666666665,5
1248,position_based,google_search,6.666666666666665,6.666666666666665,5
1248,position_based,google_search,40.0,40.0,5
1252,last_click,google_search,100.0,100.0,3
1252,linear,facebook,33.333333333333336,33.333333333333336,3
1252,linear,organic,33.333333333333336,33.333333333333336,3
1252,linear,google_search,33.333333333333336,33.333333333333336,3
1252,time_decay,facebook,14.285714285714285,14.285714285714285,3
1252,time_decay,organic,28.57142857142857,28.57142857142857,3
1252,time_decay,google_search,57.14285714285714,57.14285714285714,3
1252,position_based,facebook,40.0,40.0,3
1252,position_based,organic,19.999999999999996,19.999999999999996,3
1252,position_based,google_search,40.0,40.0,3
1257,last_click,email,100.0,100.0,5
1257,linear,instagram,20.0,20.0,5
1257,linear,organic,20.0,20.0,5
1257,linear,organic,20.0,20.0,5
1257,linear,google_search,20.0,20.0,5
1257,linear,email,20.0,20.0,5
1257,time_decay,instagram,3.225806451612903,3.225806451612903,5
1257,time_decay,organic,6.451612903225806,6.451612903225806,5
1257,time_decay,organic,12.903225806451612,12.903225806451612,5
1257,time_decay,google_search,25.806451612903224,25.806451612903224,5
1257,time_decay,email,51.61290322580645,51.61290322580645,5
1257,position_based,instagram,40.0,40.0,5
1257,position_based,organic,6.666666666666665,6.666666666666665,5
1257,position_based,organic,6.666666666666665,6.666666666666665,5
1257,position_based,google_search,6.666666666666665,6.666666666666665,5
1257,position_based,email,40.0,40.0,5
1262,last_click,display,100.0,100.0,4
1262,linear,organic,25.0,25.0,4
1262,linear,organic,25.0,25.0,4
1262,linear,google_search,25.0,25.0,4
1262,linear,display,25.0,25.0,4
1262,time_decay,organic,6.666666666666667,6.666666666666667,4
1262,time_decay,organic,13.333333333333334,13.333333333333334,4
1262,time_decay,google_search,26.666666666666668,26.666666666666668,4
1262,time_decay,display,53.333333333333336,53.333333333333336,4
1262,position_based,organic,40.0,40.0,4
1262,position_based,organic,9.999999999999998,9.999999999999998,4
1262,position_based,google_search,9.999999999999998,9.999999999999998,4
1262,position_based,display,40.0,40.0,4
1263,last_click,google_search,100.0,100.0,5
1263,linear,google_search,20.0,20.0,5
1263,linear,organic,20.0,20.0,5
1263,linear,email,20.0,20.0,5
1263,linear,tiktok,20.0,20.0,5
1263,linear,google_search,20.0,20.0,5
1263,time_decay,google_search,3.225806451612903,3.225806451612903,5
1263,time_decay,organic,6.451612903225806,6.451612903225806,5
1263,time_decay,email,12.903225806451612,12.903225806451612,5
1263,time_decay,tiktok,25.806451612903224,25.806451612903224,5
1263,time_decay,google_search,51.61290322580645,51.61290322580645,5
1263,position_based,google_search,40.0,40.0,5
1263,position_based,organic,6.666666666666665,6.666666666666665,5
1263,position_based,email,6.666666666666665,6.666666666666665,5
1263,position_based,tiktok,6.666666666666665,6.666666666666665,5
1263,position_based,google_search,40.0,40.0,5
1265,last_click,google_search,100.0,100.0,5
1265,linear,instagram,20.0,20.0,5
1265,linear,google_search,20.0,20.0,5
1265,linear,organic,20.0,20.0,5
1265,linear,facebook,20.0,20.0,5
1265,linear,google_search,20.0,20.0,5
1265,time_decay,instagram,3.225806451612903,3.225806451612903,5
1265,time_decay,google_search,6.451612903225806,6.451612903225806,5
1265,time_decay,organic,12.903225806451612,12.903225806451612,5
1265,time_decay,facebook,25.806451612903224,25.806451612903224,5
1265,time_decay,google_search,51.61290322580645,51.61290322580645,5
1265,position_based,instagram,40.0,40.0,5
1265,position_based,google_search,6.666666666666665,6.666666666666665,5
1265,position_based,organic,6.666666666666665,6.666666666666665,5
1265,position_based,facebook,6.666666666666665,6.666666666666665,5
1265,position_based,google_search,40.0,40.0,5
1269,last_click,organic,100.0,100.0,10
1269,linear,email,10.0,10.0,10
1269,linear,instagram,10.0,10.0,10
1269,linear,facebook,10.0,10.0,10
1269,linear,email,10.0,10.0,10
1269,linear,tiktok,10.0,10.0,10
1269,linear,display,10.0,10.0,10
1269,linear,organic,10.0,10.0,10
1269,linear,tiktok,10.0,10.0,10
1269,linear,instagram,10.0,10.0,10
1269,linear,organic,10.0,10.0,10
1269,time_decay,email,0.09775171065493646,0.09775171065493646,10
1269,time_decay,instagram,0.19550342130987292,0.19550342130987292,10
1269,time_decay,facebook,0.39100684261974583,0.39100684261974583,10
1269,time_decay,email,0.7820136852394917,0.7820136852394917,10
1269,time_decay,tiktok,1.5640273704789833,1.5640273704789833,10
1269,time_decay,display,3.1280547409579667,3.1280547409579667,10
1269,time_decay,organic,6.256109481915933,6.256109481915933,10
1269,time_decay,tiktok,12.512218963831867,12.512218963831867,10
1269,time_decay,instagram,25.024437927663733,25.024437927663733,10
1269,time_decay,organic,50.048875855327466,50.048875855327466,10
1269,position_based,email,40.0,40.0,10
1269,position_based,instagram,2.4999999999999996,2.4999999999999996,10
1269,position_based,facebook,2.4999999999999996,2.4999999999999996,10
1269,position_based,email,2.4999999999999996,2.4999999999999996,10
1269,position_based,tiktok,2.4999999999999996,2.4999999999999996,10
1269,position_based,display,2.4999999999999996,2.4999999999999996,10
1269,position_based,organic,2.4999999999999996,2.4999999999999996,10
1269,position_based,tiktok,2.4999999999999996,2.4999999999999996,10
1269,position_based,instagram,2.4999999999999996,2.4999999999999996,10
1269,position_based,organic,40.0,40.0,10
1290,last_click,facebook,100.0,100.0,5
1290,linear,instagram,20.0,20.0,5
1290,linear,facebook,20.0,20.0,5
1290,linear,email,20.0,20.0,5
1290,linear,instagram,20.0,20.0,5
1290,linear,facebook,20.0,20.0,5
1290,time_decay,instagram,3.225806451612903,3.225806451612903,5
1290,time_decay,facebook,6.451612903225806,6.451612903225806,5
1290,time_decay,email,12.903225806451612,12.903225806451612,5
1290,time_decay,instagram,25.806451612903224,25.806451612903224,5
1290,time_decay,facebook,51.61290322580645,51.61290322580645,5
1290,position_based,instagram,40.0,40.0,5
1290,position_based,facebook,6.666666666666665,6.666666666666665,5
1290,position_based,email,6.666666666666665,6.666666666666665,5
1290,position_based,instagram,6.666666666666665,6.666666666666665,5
1290,position_based,facebook,40.0,40.0,5
1295,last_click,google_search,100.0,100.0,1
1295,linear,google_search,100.0,100.0,1
1295,time_decay,google_search,100.0,100.0,1
1295,position_based,google_search,100.0,100.0,1
1297,last_click,email,100.0,100.0,7
1297,linear,instagram,14.285714285714286,14.285714285714286,7
1297,linear,email,14.285714285714286,14.285714285714286,7
1297,linear,organic,14.285714285714286,14.285714285714286,7
1297,linear,display,14.285714285714286,14.285714285714286,7
1297,linear,google_search,14.285714285714286,14.285714285714286,7
1297,linear,instagram,14.285714285714286,14.285714285714286,7
1297,linear,email,14.285714285714286,14.285714285714286,7
1297,time_decay,instagram,0.7874015748031495,0.7874015748031495,7
1297,time_decay,email,1.574803149606299,1.574803149606299,7
1297,time_decay,organic,3.149606299212598,3.149606299212598,7
1297,time_decay,display,6.299212598425196,6.299212598425196,7
1297,time_decay,google_search,12.598425196850393,12.598425196850393,7
1297,time_decay,instagram,25.196850393700785,25.196850393700785,7
1297,time_decay,email,50.39370078740157,50.39370078740157,7
1297,position_based,instagram,40.0,40.0,7
1297,position_based,email,3.999999999999999,3.9999999999999996,7
1297,position_based,organic,3.999999999999999,3.9999999999999996,7
1297,position_based,display,3.999999999999999,3.9999999999999996,7
1297,position_based,google_search,3.999999999999999,3.9999999999999996,7
1297,position_based,instagram,3.999999999999999,3.9999999999999996,7
1297,position_based,email,40.0,40.0,7
1298,last_click,facebook,100.0,100.0,4
1298,linear,email,25.0,25.0,4
1298,linear,google_search,25.0,25.0,4
1298,linear,google_search,25.0,25.0,4
1298,linear,facebook,25.0,25.0,4
1298,time_decay,email,6.666666666666667,6.666666666666667,4
1298,time_decay,google_search,13.333333333333334,13.333333333333334,4
1298,time_decay,google_search,26.666666666666668,26.666666666666668,4
1298,time_decay,facebook,53.333333333333336,53.333333333333336,4
1298,position_based,email,40.0,40.0,4
1298,position_based,google_search,9.999999999999998,9.999999999999998,4
1298,position_based,google_search,9.999999999999998,9.999999999999998,4
1298,position_based,facebook,40.0,40.0,4
1303,last_click,google_search,100.0,100.0,2
1303,linear,google_search,50.0,50.0,2
1303,linear,google_search,50.0,50.0,2
1303,time_decay,google_search,33.33333333333333,33.33333333333333,2
1303,time_decay,google_search,66.66666666666666,66.66666666666666,2
1303,position_based,google_search,50.0,50.0,2
1303,position_based,google_search,50.0,50.0,2
1307,last_click,tiktok,100.0,100.0,2
1307,linear,display,50.0,50.0,2
1307,linear,tiktok,50.0,50.0,2
1307,time_decay,display,33.33333333333333,33.33333333333333,2
1307,time_decay,tiktok,66.66666666666666,66.66666666666666,2
1307,position_based,display,50.0,50.0,2
1307,position_based,tiktok,50.0,50.0,2
1309,last_click,tiktok,100.0,100.0,7
1309,linear,facebook,14.285714285714286,14.285714285714286,7
1309,linear,tiktok,14.285714285714286,14.285714285714286,7
1309,linear,display,14.285714285714286,14.285714285714286,7
1309,linear,organic,14.285714285714286,14.285714285714286,7
1309,linear,google_search,14.285714285714286,14.285714285714286,7
1309,linear,email,14.285714285714286,14.285714285714286,7
1309,linear,tiktok,14.285714285714286,14.285714285714286,7
1309,time_decay,facebook,0.7874015748031495,0.7874015748031495,7
1309,time_decay,tiktok,1.574803149606299,1.574803149606299,7
1309,time_decay,display,3.149606299212598,3.149606299212598,7
1309,time_decay,organic,6.299212598425196,6.299212598425196,7
1309,time_decay,google_search,12.598425196850393,12.598425196850393,7
1309,time_decay,email,25.196850393700785,25.196850393700785,7
1309,time_decay,tiktok,50.39370078740157,50.39370078740157,7
1309,position_based,facebook,40.0,40.0,7
1309,position_based,tiktok,3.999999999999999,3.9999999999999996,7
1309,position_based,display,3.999999999999999,3.9999999999999996,7
1309,position_based,organic,3.999999999999999,3.9999999999999996,7
1309,position_based,google_search,3.999999999999999,3.9999999999999996,7
1309,position_based,email,3.999999999999999,3.9999999999999996,7
1309,position_based,tiktok,40.0,40.0,7
1313,last_click,tiktok,100.0,100.0,5
1313,linear,tiktok,20.0,20.0,5
1313,linear,facebook,20.0,20.0,5
1313,linear,email,20.0,20.0,5
1313,linear,instagram,20.0,20.0,5
1313,linear,tiktok,20.0,20.0,5
1313,time_decay,tiktok,3.225806451612903,3.225806451612903,5
1313,time_decay,facebook,6.451612903225806,6.451612903225806,5
1313,time_decay,email,12.903225806451612,12.903225806451612,5
1313,time_decay,instagram,25.806451612903224,25.806451612903224,5
1313,time_decay,tiktok,51.61290322580645,51.61290322580645,5
1313,position_based,tiktok,40.0,40.0,5
1313,position_based,facebook,6.666666666666665,6.666666666666665,5
1313,position_based,email,6.666666666666665,6.666666666666665,5
1313,position_based,instagram,6.666666666666665,6.666666666666665,5
1313,position_based,tiktok,40.0,40.0,5
1314,last_click,organic,100.0,100.0,2
1314,linear,instagram,50.0,50.0,2
1314,linear,organic,50.0,50.0,2
1314,time_decay,instagram,33.33333333333333,33.33333333333333,2
1314,time_decay,organic,66.66666666666666,66.66666666666666,2
1314,position_based,instagram,50.0,50.0,2
1314,position_based,organic,50.0,50.0,2
1323,last_click,tiktok,100.0,100.0,5
1323,linear,facebook,20.0,20.0,5
1323,linear,display,20.0,20.0,5
1323,linear,email,20.0,20.0,5
1323,linear,google_search,20.0,20.0,5
1323,linear,tiktok,20.0,20.0,5
1323,time_decay,facebook,3.225806451612903,3.225806451612903,5
1323,time_decay,display,6.451612903225806,6.451612903225806,5
1323,time_decay,email,12.903225806451612,12.903225806451612,5
1323,time_decay,google_search,25.806451612903224,25.806451612903224,5
1323,time_decay,tiktok,51.61290322580645,51.61290322580645,5
1323,position_based,facebook,40.0,40.0,5
1323,position_based,display,6.666666666666665,6.666666666666665,5
1323,position_based,email,6.666666666666665,6.666666666666665,5
1323,position_based,google_search,6.666666666666665,6.666666666666665,5
1323,position_based,tiktok,40.0,40.0,5
1326,last_click,google_search,100.0,100.0,9
1326,linear,facebook,11.11111111111111,11.11111111111111,9
1326,linear,facebook,11.11111111111111,11.11111111111111,9
1326,linear,display,11.11111111111111,11.11111111111111,9
1326,linear,email,11.11111111111111,11.11111111111111,9
1326,linear,facebook,11.11111111111111,11.11111111111111,9
1326,linear,tiktok,11.11111111111111,11.11111111111111,9
1326,linear,google_search,11.11111111111111,11.11111111111111,9
1326,linear,facebook,11.11111111111111,11.11111111111111,9
1326,linear,google_search,11.11111111111111,11.11111111111111,9
1326,time_decay,facebook,0.19569471624266144,0.19569471624266144,9
1326,time_decay,facebook,0.3913894324853229,0.3913894324853229,9
1326,time_decay,display,0.7827788649706457,0.7827788649706457,9
1326,time_decay,email,1.5655577299412915,1.5655577299412915,9
1326,time_decay,facebook,3.131115459882583,3.131115459882583,9
1326,time_decay,tiktok,6.262230919765166,6.262230919765166,9
1326,time_decay,google_search,12.524461839530332,12.524461839530332,9
1326,time_decay,facebook,25.048923679060664,25.048923679060664,9
1326,time_decay,google_search,50.09784735812133,50.09784735812133,9
1326,position_based,facebook,40.0,40.0,9
1326,position_based,facebook,2.8571428571428568,2.8571428571428568,9
1326,position_based,display,2.8571428571428568,2.8571428571428568,9
1326,position_based,email,2.8571428571428568,2.8571428571428568,9
1326,position_based,facebook,2.8571428571428568,2.8571428571428568,9
1326,position_based,tiktok,2.8571428571428568,2.8571428571428568,9
1326,position_based,google_search,2.8571428571428568,2.8571428571428568,9
1326,position_based,facebook,2.8571428571428568,2.8571428571428568,9
1326,position_based,google_search,40.0,40.0,9
1327,last_click,google_search,100.0,100.0,3
1327,linear,email,33.333333333333336,33.333333333333336,3
1327,linear,organic,33.333333333333336,33.333333333333336,3
1327,linear,google_search,33.333333333333336,33.333333333333336,3
1327,time_decay,email,14.285714285714285,14.285714285714285,3
1327,time_decay,organic,28.57142857142857,28.57142857142857,3
1327,time_decay,google_search,57.14285714285714,57.14285714285714,3
1327,position_based,email,40.0,40.0,3
1327,position_based,organic,19.999999999999996,19.999999999999996,3
1327,position_based,google_search,40.0,40.0,3
1344,last_click,email,100.0,100.0,2
1344,linear,tiktok,50.0,50.0,2
1344,linear,email,50.0,50.0,2
1344,time_decay,tiktok,33.33333333333333,33.33333333333333,2
1344,time_decay,email,66.66666666666666,66.66666666666666,2
1344,position_based,tiktok,50.0,50.0,2
1344,position_based,email,50.0,50.0,2
1349,last_click,google_search,100.0,100.0,3
1349,linear,instagram,33.333333333333336,33.333333333333336,3
1349,linear,email,33.333333333333336,33.333333333333336,3
1349,linear,google_search,33.333333333333336,33.333333333333336,3
1349,time_decay,instagram,14.285714285714285,14.285714285714285,3
1349,time_decay,email,28.57142857142857,28.57142857142857,3
1349,time_decay,google_search,57.14285714285714,57.14285714285714,3
1349,position_based,instagram,40.0,40.0,3
1349,position_based,email,19.999999999999996,19.999999999999996,3
1349,position_based,google_search,40.0,40.0,3
1352,last_click,google_search,100.0,100.0,4
1352,linear,email,25.0,25.0,4
1352,linear,email,25.0,25.0,4
1352,linear,google_search,25.0,25.0,4
1352,linear,google_search,25.0,25.0,4
1352,time_decay,email,6.666666666666667,6.666666666666667,4
1352,time_decay,email,13.333333333333334,13.333333333333334,4
1352,time_decay,google_search,26.666666666666668,26.666666666666668,4
1352,time_decay,google_search,53.333333333333336,53.333333333333336,4
1352,position_based,email,40.0,40.0,4
1352,position_based,email,9.999999999999998,9.999999999999998,4
1352,position_based,google_search,9.999999999999998,9.999999999999998,4
1352,position_based,google_search,40.0,40.0,4
1354,last_click,google_search,100.0,100.0,3
1354,linear,google_search,33.333333333333336,33.333333333333336,3
1354,linear,display,33.333333333333336,33.333333333333336,3
1354,linear,google_search,33.333333333333336,33.333333333333336,3
1354,time_decay,google_search,14.285714285714285,14.285714285714285,3
1354,time_decay,display,28.57142857142857,28.57142857142857,3
1354,time_decay,google_search,57.14285714285714,57.14285714285714,3
1354,position_based,google_search,40.0,40.0,3
1354,position_based,display,19.999999999999996,19.999999999999996,3
1354,position_based,google_search,40.0,40.0,3
1365,last_click,google_search,100.0,100.0,2
1365,linear,instagram,50.0,50.0,2
1365,linear,google_search,50.0,50.0,2
1365,time_decay,instagram,33.33333333333333,33.33333333333333,2
1365,time_decay,google_search,66.66666666666666,66.66666666666666,2
1365,position_based,instagram,50.0,50.0,2
1365,position_based,google_search,50.0,50.0,2
1368,last_click,tiktok,100.0,100.0,9
1368,linear,facebook,11.11111111111111,11.11111111111111,9
1368,linear,google_search,11.11111111111111,11.11111111111111,9
1368,linear,organic,11.11111111111111,11.11111111111111,9
1368,linear,organic,11.11111111111111,11.11111111111111,9
1368,linear,tiktok,11.11111111111111,11.11111111111111,9
1368,linear,google_search,11.11111111111111,11.11111111111111,9
1368,linear,instagram,11.11111111111111,11.11111111111111,9
1368,linear,email,11.11111111111111,11.11111111111111,9
1368,linear,tiktok,11.11111111111111,11.11111111111111,9
1368,time_decay,facebook,0.19569471624266144,0.19569471624266144,9
1368,time_decay,google_search,0.3913894324853229,0.3913894324853229,9
1368,time_decay,organic,0.7827788649706457,0.7827788649706457,9
1368,time_decay,organic,1.5655577299412915,1.5655577299412915,9
1368,time_decay,tiktok,3.131115459882583,3.131115459882583,9
1368,time_decay,google_search,6.262230919765166,6.262230919765166,9
1368,time_decay,instagram,12.524461839530332,12.524461839530332,9
1368,time_decay,email,25.048923679060664,25.048923679060664,9
1368,time_decay,tiktok,50.09784735812133,50.09784735812133,9
1368,position_based,facebook,40.0,40.0,9
1368,position_based,google_search,2.8571428571428568,2.8571428571428568,9
1368,position_based,organic,2.8571428571428568,2.8571428571428568,9
1368,position_based,organic,2.8571428571428568,2.8571428571428568,9
1368,position_based,tiktok,2.8571428571428568,2.8571428571428568,9
1368,position_based,google_search,2.8571428571428568,2.8571428571428568,9
1368,position_based,instagram,2.8571428571428568,2.8571428571428568,9
1368,position_based,email,2.8571428571428568,2.8571428571428568,9
1368,position_based,tiktok,40.0,40.0,9
1372,last_click,instagram,100.0,100.0,2
1372,linear,display,50.0,50.0,2
1372,linear,instagram,50.0,50.0,2
1372,time_decay,display,33.33333333333333,33.33333333333333,2
1372,time_decay,instagram,66.66666666666666,66.66666666666666,2
1372,position_based,display,50.0,50.0,2
1372,position_based,instagram,50.0,50.0,2
1374,last_click,google_search,100.0,100.0,4
1374,linear,email,25.0,25.0,4
1374,linear,facebook,25.0,25.0,4
1374,linear,tiktok,25.0,25.0,4
1374,linear,google_search,25.0,25.0,4
1374,time_decay,email,6.666666666666667,6.666666666666667,4
1374,time_decay,facebook,13.333333333333334,13.333333333333334,4
1374,time_decay,tiktok,26.666666666666668,26.666666666666668,4
1374,time_decay,google_search,53.333333333333336,53.333333333333336,4
1374,position_based,email,40.0,40.0,4
1374,position_based,facebook,9.999999999999998,9.999999999999998,4
1374,position_based,tiktok,9.999999999999998,9.999999999999998,4
1374,position_based,google_search,40.0,40.0,4
1382,last_click,display,100.0,100.0,5
1382,linear,instagram,20.0,20.0,5
1382,linear,tiktok,20.0,20.0,5
1382,linear,email,20.0,20.0,5
1382,linear,google_search,20.0,20.0,5
1382,linear,display,20.0,20.0,5
1382,time_decay,instagram,3.225806451612903,3.225806451612903,5
1382,time_decay,tiktok,6.451612903225806,6.451612903225806,5
1382,time_decay,email,12.903225806451612,12.903225806451612,5
1382,time_decay,google_search,25.806451612903224,25.806451612903224,5
1382,time_decay,display,51.61290322580645,51.61290322580645,5
1382,position_based,instagram,40.0,40.0,5
1382,position_based,tiktok,6.666666666666665,6.666666666666665,5
1382,position_based,email,6.666666666666665,6.666666666666665,5
1382,position_based,google_search,6.666666666666665,6.666666666666665,5
1382,position_based,display,40.0,40.0,5
1383,last_click,tiktok,100.0,100.0,9
1383,linear,organic,11.11111111111111,11.11111111111111,9
1383,linear,organic,11.11111111111111,11.11111111111111,9
1383,linear,google_search,11.11111111111111,11.11111111111111,9
1383,linear,email,11.11111111111111,11.11111111111111,9
1383,linear,instagram,11.11111111111111,11.11111111111111,9
1383,linear,organic,11.11111111111111,11.11111111111111,9
1383,linear,tiktok,11.11111111111111,11.11111111111111,9
1383,linear,display,11.11111111111111,11.11111111111111,9
1383,linear,tiktok,11.11111111111111,11.11111111111111,9
1383,time_decay,organic,0.19569471624266144,0.19569471624266144,9
1383,time_decay,organic,0.3913894324853229,0.3913894324853229,9
1383,time_decay,google_search,0.7827788649706457,0.7827788649706457,9
1383,time_decay,email,1.5655577299412915,1.5655577299412915,9
1383,time_decay,instagram,3.131115459882583,3.131115459882583,9
1383,time_decay,organic,6.262230919765166,6.262230919765166,9
1383,time_decay,tiktok,12.524461839530332,12.524461839530332,9
1383,time_decay,display,25.048923679060664,25.048923679060664,9
1383,time_decay,tiktok,50.09784735812133,50.09784735812133,9
1383,position_based,organic,40.0,40.0,9
1383,position_based,organic,2.8571428571428568,2.8571428571428568,9
1383,position_based,google_search,2.8571428571428568,2.8571428571428568,9
1383,position_based,email,2.8571428571428568,2.8571428571428568,9
1383,position_based,instagram,2.8571428571428568,2.8571428571428568,9
1383,position_based,organic,2.8571428571428568,2.8571428571428568,9
1383,position_based,tiktok,2.8571428571428568,2.8571428571428568,9
1383,position_based,display,2.8571428571428568,2.8571428571428568,9
1383,position_based,tiktok,40.0,40.0,9
1384,last_click,google_search,100.0,100.0,8
1384,linear,email,12.5,12.5,8
1384,linear,display,12.5,12.5,8
1384,linear,email,12.5,12.5,8
1384,linear,display,12.5,12.5,8
1384,linear,email,12.5,12.5,8
1384,linear,facebook,12.5,12.5,8
1384,linear,email,12.5,12.5,8
1384,linear,google_search,12.5,12.5,8
1384,time_decay,email,0.39215686274509803,0.39215686274509803,8
1384,time_decay,display,0.7843137254901961,0.7843137254901961,8
1384,time_decay,email,1.5686274509803921,1.5686274509803921,8
1384,time_decay,display,3.1372549019607843,3.1372549019607843,8
1384,time_decay,email,6.2745098039215685,6.2745098039215685,8
1384,time_decay,facebook,12.549019607843137,12.549019607843137,8
1384,time_decay,email,25.098039215686274,25.098039215686274,8
1384,time_decay,google_search,50.19607843137255,50.19607843137255,8
1384,position_based,email,40.0,40.0,8
1384,position_based,display,3.3333333333333326,3.3333333333333326,8
1384,position_based,email,3.3333333333333326,3.3333333333333326,8
1384,position_based,display,3.3333333333333326,3.3333333333333326,8
1384,position_based,email,3.3333333333333326,3.3333333333333326,8
1384,position_based,facebook,3.3333333333333326,3.3333333333333326,8
1384,position_based,email,3.3333333333333326,3.3333333333333326,8
1384,position_based,google_search,40.0,40.0,8
1403,last_click,instagram,100.0,100.0,2
1403,linear,facebook,50.0,50.0,2
1403,linear,instagram,50.0,50.0,2
1403,time_decay,facebook,33.33333333333333,33.33333333333333,2
1403,time_decay,instagram,66.66666666666666,66.66666666666666,2
1403,position_based,facebook,50.0,50.0,2
1403,position_based,instagram,50.0,50.0,2
1415,last_click,instagram,100.0,100.0,4
1415,linear,display,25.0,25.0,4
1415,linear,display,25.0,25.0,4
1415,linear,facebook,25.0,25.0,4
1415,linear,instagram,25.0,25.0,4
1415,time_decay,display,6.666666666666667,6.666666666666667,4
1415,time_decay,display,13.333333333333334,13.333333333333334,4
1415,time_decay,facebook,26.666666666666668,26.666666666666668,4
1415,time_decay,instagram,53.333333333333336,53.333333333333336,4
1415,position_based,display,40.0,40.0,4
1415,position_based,display,9.999999999999998,9.999999999999998,4
1415,position_based,facebook,9.999999999999998,9.999999999999998,4
1415,position_based,instagram,40.0,40.0,4
1428,last_click,tiktok,100.0,100.0,6
1428,linear,facebook,16.666666666666668,16.666666666666668,6
1428,linear,organic,16.666666666666668,16.666666666666668,6
1428,linear,facebook,16.666666666666668,16.666666666666668,6
1428,linear,display,16.666666666666668,16.666666666666668,6
1428,linear,tiktok,16.666666666666668,16.666666666666668,6
1428,linear,tiktok,16.666666666666668,16.666666666666668,6
1428,time_decay,facebook,1.5873015873015872,1.5873015873015872,6
1428,time_decay,organic,3.1746031746031744,3.1746031746031744,6
1428,time_decay,facebook,6.349206349206349,6.349206349206349,6
1428,time_decay,display,12.698412698412698,12.698412698412698,6
1428,time_decay,tiktok,25.396825396825395,25.396825396825395,6
1428,time_decay,tiktok,50.79365079365079,50.79365079365079,6
1428,position_based,facebook,40.0,40.0,6
1428,position_based,organic,4.999999999999999,4.999999999999999,6
1428,position_based,facebook,4.999999999999999,4.999999999999999,6
1428,position_based,display,4.999999999999999,4.999999999999999,6
1428,position_based,tiktok,4.999999999999999,4.999999999999999,6
1428,position_based,tiktok,40.0,40.0,6
1430,last_click,google_search,100.0,100.0,7
1430,linear,google_search,14.285714285714286,14.285714285714286,7
1430,linear,email,14.285714285714286,14.285714285714286,7
1430,linear,instagram,14.285714285714286,14.285714285714286,7
1430,linear,google_search,14.285714285714286,14.285714285714286,7
1430,linear,facebook,14.285714285714286,14.285714285714286,7
1430,linear,email,14.285714285714286,14.285714285714286,7
1430,linear,google_search,14.285714285714286,14.285714285714286,7
1430,time_decay,google_search,0.7874015748031495,0.7874015748031495,7
1430,time_decay,email,1.574803149606299,1.574803149606299,7
1430,time_decay,instagram,3.149606299212598,3.149606299212598,7
1430,time_decay,google_search,6.299212598425196,6.299212598425196,7
1430,time_decay,facebook,12.598425196850393,12.598425196850393,7
1430,time_decay,email,25.196850393700785,25.196850393700785,7
1430,time_decay,google_search,50.39370078740157,50.39370078740157,7
1430,position_based,google_search,40.0,40.0,7
1430,position_based,email,3.999999999999999,3.9999999999999996,7
1430,position_based,instagram,3.999999999999999,3.9999999999999996,7
1430,position_based,google_search,3.999999999999999,3.9999999999999996,7
1430,position_based,facebook,3.999999999999999,3.9999999999999996,7
1430,position_based,email,3.999999999999999,3.9999999999999996,7
1430,position_based,google_search,40.0,40.0,7
1434,last_click,organic,100.0,100.0,6
1434,linear,tiktok,16.666666666666668,16.666666666666668,6
1434,linear,google_search,16.666666666666668,16.666666666666668,6
1434,linear,email,16.666666666666668,16.666666666666668,6
1434,linear,google_search,16.666666666666668,16.666666666666668,6
1434,linear,google_search,16.666666666666668,16.666666666666668,6
1434,linear,organic,16.666666666666668,16.666666666666668,6
1434,time_decay,tiktok,1.5873015873015872,1.5873015873015872,6
1434,time_decay,google_search,3.1746031746031744,3.1746031746031744,6
1434,time_decay,email,6.349206349206349,6.349206349206349,6
1434,time_decay,google_search,12.698412698412698,12.698412698412698,6
1434,time_decay,google_search,25.396825396825395,25.396825396825395,6
1434,time_decay,organic,50.79365079365079,50.79365079365079,6
1434,position_based,tiktok,40.0,40.0,6
1434,position_based,google_search,4.999999999999999,4.999999999999999,6
1434,position_based,email,4.999999999999999,4.999999999999999,6
1434,position_based,google_search,4.999999999999999,4.999999999999999,6
1434,position_based,google_search,4.999999999999999,4.999999999999999,6
1434,position_based,organic,40.0,40.0,6
1437,last_click,email,100.0,100.0,2
1437,linear,organic,50.0,50.0,2
1437,linear,email,50.0,50.0,2
1437,time_decay,organic,33.33333333333333,33.33333333333333,2
1437,time_decay,email,66.66666666666666,66.66666666666666,2
1437,position_based,organic,50.0,50.0,2
1437,position_based,email,50.0,50.0,2
1456,last_click,google_search,100.0,100.0,3
1456,linear,organic,33.333333333333336,33.333333333333336,3
1456,linear,instagram,33.333333333333336,33.333333333333336,3
1456,linear,google_search,33.333333333333336,33.333333333333336,3
1456,time_decay,organic,14.285714285714285,14.285714285714285,3
1456,time_decay,instagram,28.57142857142857,28.57142857142857,3
1456,time_decay,google_search,57.14285714285714,57.14285714285714,3
1456,position_based,organic,40.0,40.0,3
1456,position_based,instagram,19.999999999999996,19.999999999999996,3
1456,position_based,google_search,40.0,40.0,3
1458,last_click,google_search,100.0,100.0,2
1458,linear,instagram,50.0,50.0,2
1458,linear,google_search,50.0,50.0,2
1458,time_decay,instagram,33.33333333333333,33.33333333333333,2
1458,time_decay,google_search,66.66666666666666,66.66666666666666,2
1458,position_based,instagram,50.0,50.0,2
1458,position_based,google_search,50.0,50.0,2
1463,last_click,display,100.0,100.0,3
1463,linear,tiktok,33.333333333333336,33.333333333333336,3
1463,linear,display,33.333333333333336,33.333333333333336,3
1463,linear,display,33.333333333333336,33.333333333333336,3
1463,time_decay,tiktok,14.285714285714285,14.285714285714285,3
1463,time_decay,display,28.57142857142857,28.57142857142857,3
1463,time_decay,display,57.14285714285714,57.14285714285714,3
1463,position_based,tiktok,40.0,40.0,3
1463,position_based,display,19.999999999999996,19.999999999999996,3
1463,position_based,display,40.0,40.0,3
1467,last_click,organic,100.0,100.0,4
1467,linear,email,25.0,25.0,4
1467,linear,organic,25.0,25.0,4
1467,linear,google_search,25.0,25.0,4
1467,linear,organic,25.0,25.0,4
1467,time_decay,email,6.666666666666667,6.666666666666667,4
1467,time_decay,organic,13.333333333333334,13.333333333333334,4
1467,time_decay,google_search,26.666666666666668,26.666666666666668,4
1467,time_decay,organic,53.333333333333336,53.333333333333336,4
1467,position_based,email,40.0,40.0,4
1467,position_based,organic,9.999999999999998,9.999999999999998,4
1467,position_based,google_search,9.999999999999998,9.999999999999998,4
1467,position_based,organic,40.0,40.0,4
1469,last_click,display,100.0,100.0,4
1469,linear,google_search,25.0,25.0,4
1469,linear,google_search,25.0,25.0,4
1469,linear,tiktok,25.0,25.0,4
1469,linear,display,25.0,25.0,4
1469,time_decay,google_search,6.666666666666667,6.666666666666667,4
1469,time_decay,google_search,13.333333333333334,13.333333333333334,4
1469,time_decay,tiktok,26.666666666666668,26.666666666666668,4
1469,time_decay,display,53.333333333333336,53.333333333333336,4
1469,position_based,google_search,40.0,40.0,4
1469,position_based,google_search,9.999999999999998,9.999999999999998,4
1469,position_based,tiktok,9.999999999999998,9.999999999999998,4
1469,position_based,display,40.0,40.0,4
1471,last_click,facebook,100.0,100.0,4
1471,linear,instagram,25.0,25.0,4
1471,linear,display,25.0,25.0,4
1471,linear,tiktok,25.0,25.0,4
1471,linear,facebook,25.0,25.0,4
1471,time_decay,instagram,6.666666666666667,6.666666666666667,4
1471,time_decay,display,13.333333333333334,13.333333333333334,4
1471,time_decay,tiktok,26.666666666666668,26.666666666666668,4
1471,time_decay,facebook,53.333333333333336,53.333333333333336,4
1471,position_based,instagram,40.0,40.0,4
1471,position_based,display,9.999999999999998,9.999999999999998,4
1471,position_based,tiktok,9.999999999999998,9.999999999999998,4
1471,position_based,facebook,40.0,40.0,4
1477,last_click,facebook,100.0,100.0,10
1477,linear,google_search,10.0,10.0,10
1477,linear,email,10.0,10.0,10
1477,linear,tiktok,10.0,10.0,10
1477,linear,facebook,10.0,10.0,10
1477,linear,instagram,10.0,10.0,10
1477,linear,tiktok,10.0,10.0,10
1477,linear,tiktok,10.0,10.0,10
1477,linear,google_search,10.0,10.0,10
1477,linear,google_search,10.0,10.0,10
1477,linear,facebook,10.0,10.0,10
1477,time_decay,google_search,0.09775171065493646,0.09775171065493646,10
1477,time_decay,email,0.19550342130987292,0.19550342130987292,10
1477,time_decay,tiktok,0.39100684261974583,0.39100684261974583,10
1477,time_decay,facebook,0.7820136852394917,0.7820136852394917,10
1477,time_decay,instagram,1.5640273704789833,1.5640273704789833,10
1477,time_decay,tiktok,3.1280547409579667,3.1280547409579667,10
1477,time_decay,tiktok,6.256109481915933,6.256109481915933,10
1477,time_decay,google_search,12.512218963831867,12.512218963831867,10
1477,time_decay,google_search,25.024437927663733,25.024437927663733,10
1477,time_decay,facebook,50.048875855327466,50.048875855327466,10
1477,position_based,google_search,40.0,40.0,10
1477,position_based,email,2.4999999999999996,2.4999999999999996,10
1477,position_based,tiktok,2.4999999999999996,2.4999999999999996,10
1477,position_based,facebook,2.4999999999999996,2.4999999999999996,10
1477,position_based,instagram,2.4999999999999996,2.4999999999999996,10
1477,position_based,tiktok,2.4999999999999996,2.4999999999999996,10
1477,position_based,tiktok,2.4999999999999996,2.4999999999999996,10
1477,position_based,google_search,2.4999999999999996,2.4999999999999996,10
1477,position_based,google_search,2.4999999999999996,2.4999999999999996,10
1477,position_based,facebook,40.0,40.0,10
1478,last_click,email,100.0,100.0,1
1478,linear,email,100.0,100.0,1
1478,time_decay,email,100.0,100.0,1
1478,position_based,email,100.0,100.0,1
1488,last_click,instagram,100.0,100.0,2
1488,linear,instagram,50.0,50.0,2
1488,linear,instagram,50.0,50.0,2
1488,time_decay,instagram,33.33333333333333,33.33333333333333,2
1488,time_decay,instagram,66.66666666666666,66.66666666666666,2
1488,position_based,instagram,50.0,50.0,2
1488,position_based,instagram,50.0,50.0,2
1493,last_click,email,100.0,100.0,3
1493,linear,facebook,33.333333333333336,33.333333333333336,3
1493,linear,email,33.333333333333336,33.333333333333336,3
1493,linear,email,33.333333333333336,33.333333333333336,3
1493,time_decay,facebook,14.285714285714285,14.285714285714285,3
1493,time_decay,email,28.57142857142857,28.57142857142857,3
1493,time_decay,email,57.14285714285714,57.14285714285714,3
1493,position_based,facebook,40.0,40.0,3
1493,position_based,email,19.999999999999996,19.999999999999996,3
1493,position_based,email,40.0,40.0,3
1495,last_click,display,100.0,100.0,3
1495,linear,google_search,33.333333333333336,33.333333333333336,3
1495,linear,instagram,33.333333333333336,33.333333333333336,3
1495,linear,display,33.333333333333336,33.333333333333336,3
1495,time_decay,google_search,14.285714285714285,14.285714285714285,3
1495,time_decay,instagram,28.57142857142857,28.57142857142857,3
1495,time_decay,display,57.14285714285714,57.14285714285714,3
1495,position_based,google_search,40.0,40.0,3
1495,position_based,instagram,19.999999999999996,19.999999999999996,3
1495,position_based,display,40.0,40.0,3
1517,last_click,google_search,100.0,100.0,4
1517,linear,display,25.0,25.0,4
1517,linear,tiktok,25.0,25.0,4
1517,linear,facebook,25.0,25.0,4
1517,linear,google_search,25.0,25.0,4
1517,time_decay,display,6.666666666666667,6.666666666666667,4
1517,time_decay,tiktok,13.333333333333334,13.333333333333334,4
1517,time_decay,facebook,26.666666666666668,26.666666666666668,4
1517,time_decay,google_search,53.333333333333336,53.333333333333336,4
1517,position_based,display,40.0,40.0,4
1517,position_based,tiktok,9.999999999999998,9.999999999999998,4
1517,position_based,facebook,9.999999999999998,9.999999999999998,4
1517,position_based,google_search,40.0,40.0,4
1518,last_click,email,100.0,100.0,4
1518,linear,instagram,25.0,25.0,4
1518,linear,organic,25.0,25.0,4
1518,linear,email,25.0,25.0,4
1518,linear,email,25.0,25.0,4
1518,time_decay,instagram,6.666666666666667,6.666666666666667,4
1518,time_decay,organic,13.333333333333334,13.333333333333334,4
1518,time_decay,email,26.666666666666668,26.666666666666668,4
1518,time_decay,email,53.333333333333336,53.333333333333336,4
1518,position_based,instagram,40.0,40.0,4
1518,position_based,organic,9.999999999999998,9.999999999999998,4
1518,position_based,email,9.999999999999998,9.999999999999998,4
1518,position_based,email,40.0,40.0,4
1537,last_click,display,100.0,100.0,5
1537,linear,display,20.0,20.0,5
1537,linear,email,20.0,20.0,5
1537,linear,tiktok,20.0,20.0,5
1537,linear,tiktok,20.0,20.0,5
1537,linear,display,20.0,20.0,5
1537,time_decay,display,3.225806451612903,3.225806451612903,5
1537,time_decay,email,6.451612903225806,6.451612903225806,5
1537,time_decay,tiktok,12.903225806451612,12.903225806451612,5
1537,time_decay,tiktok,25.806451612903224,25.806451612903224,5
1537,time_decay,display,51.61290322580645,51.61290322580645,5
1537,position_based,display,40.0,40.0,5
1537,position_based,email,6.666666666666665,6.666666666666665,5
1537,position_based,tiktok,6.666666666666665,6.666666666666665,5
1537,position_based,tiktok,6.666666666666665,6.666666666666665,5
1537,position_based,display,40.0,40.0,5
1544,last_click,tiktok,100.0,100.0,6
1544,linear,facebook,16.666666666666668,16.666666666666668,6
1544,linear,instagram,16.666666666666668,16.666666666666668,6
1544,linear,display,16.666666666666668,16.666666666666668,6
1544,linear,email,16.666666666666668,16.666666666666668,6
1544,linear,tiktok,16.666666666666668,16.666666666666668,6
1544,linear,tiktok,16.666666666666668,16.666666666666668,6
1544,time_decay,facebook,1.5873015873015872,1.5873015873015872,6
1544,time_decay,instagram,3.1746031746031744,3.1746031746031744,6
1544,time_decay,display,6.349206349206349,6.349206349206349,6
1544,time_decay,email,12.698412698412698,12.698412698412698,6
1544,time_decay,tiktok,25.396825396825395,25.396825396825395,6
1544,time_decay,tiktok,50.79365079365079,50.79365079365079,6
1544,position_based,facebook,40.0,40.0,6
1544,position_based,instagram,4.999999999999999,4.999999999999999,6
1544,position_based,display,4.999999999999999,4.999999999999999,6
1544,position_based,email,4.999999999999999,4.999999999999999,6
1544,position_based,tiktok,4.999999999999999,4.999999999999999,6
1544,position_based,tiktok,40.0,40.0,6
1562,last_click,organic,100.0,100.0,4
1562,linear,instagram,25.0,25.0,4
1562,linear,google_search,25.0,25.0,4
1562,linear,facebook,25.0,25.0,4
1562,linear,organic,25.0,25.0,4
1562,time_decay,instagram,6.666666666666667,6.666666666666667,4
1562,time_decay,google_search,13.333333333333334,13.333333333333334,4
1562,time_decay,facebook,26.666666666666668,26.666666666666668,4
1562,time_decay,organic,53.333333333333336,53.333333333333336,4
1562,position_based,instagram,40.0,40.0,4
1562,position_based,google_search,9.999999999999998,9.999999999999998,4
1562,position_based,facebook,9.999999999999998,9.999999999999998,4
1562,position_based,organic,40.0,40.0,4
1564,last_click,instagram,100.0,100.0,4
1564,linear,facebook,25.0,25.0,4
1564,linear,email,25.0,25.0,4
1564,linear,instagram,25.0,25.0,4
1564,linear,instagram,25.0,25.0,4
1564,time_decay,facebook,6.666666666666667,6.666666666666667,4
1564,time_decay,email,13.333333333333334,13.333333333333334,4
1564,time_decay,instagram,26.666666666666668,26.666666666666668,4
1564,time_decay,instagram,53.333333333333336,53.333333333333336,4
1564,position_based,facebook,40.0,40.0,4
1564,position_based,email,9.999999999999998,9.999999999999998,4
1564,position_based,instagram,9.999999999999998,9.999999999999998,4
1564,position_based,instagram,40.0,40.0,4
1568,last_click,tiktok,100.0,100.0,2
1568,linear,tiktok,50.0,50.0,2
1568,linear,tiktok,50.0,50.0,2
1568,time_decay,tiktok,33.33333333333333,33.33333333333333,2
1568,time_decay,tiktok,66.66666666666666,66.66666666666666,2
1568,position_based,tiktok,50.0,50.0,2
1568,position_based,tiktok,50.0,50.0,2
1572,last_click,instagram,100.0,100.0,5
1572,linear,organic,20.0,20.0,5
1572,linear,google_search,20.0,20.0,5
1572,linear,tiktok,20.0,20.0,5
1572,linear,display,20.0,20.0,5
1572,linear,instagram,20.0,20.0,5
1572,time_decay,organic,3.225806451612903,3.225806451612903,5
1572,time_decay,google_search,6.451612903225806,6.451612903225806,5
1572,time_decay,tiktok,12.903225806451612,12.903225806451612,5
1572,time_decay,display,25.806451612903224,25.806451612903224,5
1572,time_decay,instagram,51.61290322580645,51.61290322580645,5
1572,position_based,organic,40.0,40.0,5
1572,position_based,google_search,6.666666666666665,6.666666666666665,5
1572,position_based,tiktok,6.666666666666665,6.666666666666665,5
1572,position_based,display,6.666666666666665,6.666666666666665,5
1572,position_based,instagram,40.0,40.0,5
1585,last_click,facebook,100.0,100.0,4
1585,linear,google_search,25.0,25.0,4
1585,linear,organic,25.0,25.0,4
1585,linear,facebook,25.0,25.0,4
1585,linear,facebook,25.0,25.0,4
1585,time_decay,google_search,6.666666666666667,6.666666666666667,4
1585,time_decay,organic,13.333333333333334,13.333333333333334,4
1585,time_decay,facebook,26.666666666666668,26.666666666666668,4
1585,time_decay,facebook,53.333333333333336,53.333333333333336,4
1585,position_based,google_search,40.0,40.0,4
1585,position_based,organic,9.999999999999998,9.999999999999998,4
1585,position_based,facebook,9.999999999999998,9.999999999999998,4
1585,position_based,facebook,40.0,40.0,4
1587,last_click,instagram,100.0,100.0,4
1587,linear,facebook,25.0,25.0,4
1587,linear,tiktok,25.0,25.0,4
1587,linear,google_search,25.0,25.0,4
1587,linear,instagram,25.0,25.0,4
1587,time_decay,facebook,6.666666666666667,6.666666666666667,4
1587,time_decay,tiktok,13.333333333333334,13.333333333333334,4
1587,time_decay,google_search,26.666666666666668,26.666666666666668,4
1587,time_decay,instagram,53.333333333333336,53.333333333333336,4
1587,position_based,facebook,40.0,40.0,4
1587,position_based,tiktok,9.999999999999998,9.999999999999998,4
1587,position_based,google_search,9.999999999999998,9.999999999999998,4
1587,position_based,instagram,40.0,40.0,4
1588,last_click,google_search,100.0,100.0,2
1588,linear,display,50.0,50.0,2
1588,linear,google_search,50.0,50.0,2
1588,time_decay,display,33.33333333333333,33.33333333333333,2
1588,time_decay,google_search,66.66666666666666,66.66666666666666,2
1588,position_based,display,50.0,50.0,2
1588,position_based,google_search,50.0,50.0,2
1592,last_click,instagram,100.0,100.0,4
1592,linear,instagram,25.0,25.0,4
1592,linear,organic,25.0,25.0,4
1592,linear,facebook,25.0,25.0,4
1592,linear,instagram,25.0,25.0,4
1592,time_decay,instagram,6.666666666666667,6.666666666666667,4
1592,time_decay,organic,13.333333333333334,13.333333333333334,4
1592,time_decay,facebook,26.666666666666668,26.666666666666668,4
1592,time_decay,instagram,53.333333333333336,53.333333333333336,4
1592,position_based,instagram,40.0,40.0,4
1592,position_based,organic,9.999999999999998,9.999999999999998,4
1592,position_based,facebook,9.999999999999998,9.999999999999998,4
1592,position_based,instagram,40.0,40.0,4
1595,last_click,display,100.0,100.0,2
1595,linear,display,50.0,50.0,2
1595,linear,display,50.0,50.0,2
1595,time_decay,display,33.33333333333333,33.33333333333333,2
1595,time_decay,display,66.66666666666666,66.66666666666666,2
1595,position_based,display,50.0,50.0,2
1595,position_based,display,50.0,50.0,2
1596,last_click,organic,100.0,100.0,2
1596,linear,email,50.0,50.0,2
1596,linear,organic,50.0,50.0,2
1596,time_decay,email,33.33333333333333,33.33333333333333,2
1596,time_decay,organic,66.66666666666666,66.66666666666666,2
1596,position_based,email,50.0,50.0,2
1596,position_based,organic,50.0,50.0,2
1600,last_click,tiktok,100.0,100.0,5
1600,linear,organic,20.0,20.0,5
1600,linear,google_search,20.0,20.0,5
1600,linear,email,20.0,20.0,5
1600,linear,organic,20.0,20.0,5
1600,linear,tiktok,20.0,20.0,5
1600,time_decay,organic,3.225806451612903,3.225806451612903,5
1600,time_decay,google_search,6.451612903225806,6.451612903225806,5
1600,time_decay,email,12.903225806451612,12.903225806451612,5
1600,time_decay,organic,25.806451612903224,25.806451612903224,5
1600,time_decay,tiktok,51.61290322580645,51.61290322580645,5
1600,position_based,organic,40.0,40.0,5
1600,position_based,google_search,6.666666666666665,6.666666666666665,5
1600,position_based,email,6.666666666666665,6.666666666666665,5
1600,position_based,organic,6.666666666666665,6.666666666666665,5
1600,position_based,tiktok,40.0,40.0,5
1614,last_click,email,100.0,100.0,3
1614,linear,organic,33.333333333333336,33.333333333333336,3
1614,linear,tiktok,33.333333333333336,33.333333333333336,3
1614,linear,email,33.333333333333336,33.333333333333336,3
1614,time_decay,organic,14.285714285714285,14.285714285714285,3
1614,time_decay,tiktok,28.57142857142857,28.57142857142857,3
1614,time_decay,email,57.14285714285714,57.14285714285714,3
1614,position_based,organic,40.0,40.0,3
1614,position_based,tiktok,19.999999999999996,19.999999999999996,3
1614,position_based,email,40.0,40.0,3
1617,last_click,email,100.0,100.0,3
1617,linear,display,33.333333333333336,33.333333333333336,3
1617,linear,facebook,33.333333333333336,33.333333333333336,3
1617,linear,email,33.333333333333336,33.333333333333336,3
1617,time_decay,display,14.285714285714285,14.285714285714285,3
1617,time_decay,facebook,28.57142857142857,28.57142857142857,3
1617,time_decay,email,57.14285714285714,57.14285714285714,3
1617,position_based,display,40.0,40.0,3
1617,position_based,facebook,19.999999999999996,19.999999999999996,3
1617,position_based,email,40.0,40.0,3
1620,last_click,email,100.0,100.0,4
1620,linear,organic,25.0,25.0,4
1620,linear,google_search,25.0,25.0,4
1620,linear,facebook,25.0,25.0,4
1620,linear,email,25.0,25.0,4
1620,time_decay,organic,6.666666666666667,6.666666666666667,4
1620,time_decay,google_search,13.333333333333334,13.333333333333334,4
1620,time_decay,facebook,26.666666666666668,26.666666666666668,4
1620,time_decay,email,53.333333333333336,53.333333333333336,4
1620,position_based,organic,40.0,40.0,4
1620,position_based,google_search,9.999999999999998,9.999999999999998,4
1620,position_based,facebook,9.999999999999998,9.999999999999998,4
1620,position_based,email,40.0,40.0,4
1628,last_click,facebook,100.0,100.0,3
1628,linear,google_search,33.333333333333336,33.333333333333336,3
1628,linear,tiktok,33.333333333333336,33.333333333333336,3
1628,linear,facebook,33.333333333333336,33.333333333333336,3
1628,time_decay,google_search,14.285714285714285,14.285714285714285,3
1628,time_decay,tiktok,28.57142857142857,28.57142857142857,3
1628,time_decay,facebook,57.14285714285714,57.14285714285714,3
1628,position_based,google_search,40.0,40.0,3
1628,position_based,tiktok,19.999999999999996,19.999999999999996,3
1628,position_based,facebook,40.0,40.0,3
1635,last_click,google_search,100.0,100.0,5
1635,linear,google_search,20.0,20.0,5
1635,linear,display,20.0,20.0,5
1635,linear,display,20.0,20.0,5
1635,linear,display,20.0,20.0,5
1635,linear,google_search,20.0,20.0,5
1635,time_decay,google_search,3.225806451612903,3.225806451612903,5
1635,time_decay,display,6.451612903225806,6.451612903225806,5
1635,time_decay,display,12.903225806451612,12.903225806451612,5
1635,time_decay,display,25.806451612903224,25.806451612903224,5
1635,time_decay,google_search,51.61290322580645,51.61290322580645,5
1635,position_based,google_search,40.0,40.0,5
1635,position_based,display,6.666666666666665,6.666666666666665,5
1635,position_based,display,6.666666666666665,6.666666666666665,5
1635,position_based,display,6.666666666666665,6.666666666666665,5
1635,position_based,google_search,40.0,40.0,5
1652,last_click,instagram,100.0,100.0,8
1652,linear,email,12.5,12.5,8
1652,linear,email,12.5,12.5,8
1652,linear,tiktok,12.5,12.5,8
1652,linear,display,12.5,12.5,8
1652,linear,instagram,12.5,12.5,8
1652,linear,organic,12.5,12.5,8
1652,linear,display,12.5,12.5,8
1652,linear,instagram,12.5,12.5,8
1652,time_decay,email,0.39215686274509803,0.39215686274509803,8
1652,time_decay,email,0.7843137254901961,0.7843137254901961,8
1652,time_decay,tiktok,1.5686274509803921,1.5686274509803921,8
1652,time_decay,display,3.1372549019607843,3.1372549019607843,8
1652,time_decay,instagram,6.2745098039215685,6.2745098039215685,8
1652,time_decay,organic,12.549019607843137,12.549019607843137,8
1652,time_decay,display,25.098039215686274,25.098039215686274,8
1652,time_decay,instagram,50.19607843137255,50.19607843137255,8
1652,position_based,email,40.0,40.0,8
1652,position_based,email,3.3333333333333326,3.3333333333333326,8
1652,position_based,tiktok,3.3333333333333326,3.3333333333333326,8
1652,position_based,display,3.3333333333333326,3.3333333333333326,8
1652,position_based,instagram,3.3333333333333326,3.3333333333333326,8
1652,position_based,organic,3.3333333333333326,3.3333333333333326,8
1652,position_based,display,3.3333333333333326,3.3333333333333326,8
1652,position_based,instagram,40.0,40.0,8
1653,last_click,facebook,100.0,100.0,7
1653,linear,facebook,14.285714285714286,14.285714285714286,7
1653,linear,organic,14.285714285714286,14.285714285714286,7
1653,linear,instagram,14.285714285714286,14.285714285714286,7
1653,linear,tiktok,14.285714285714286,14.285714285714286,7
1653,linear,google_search,14.285714285714286,14.285714285714286,7
1653,linear,google_search,14.285714285714286,14.285714285714286,7
1653,linear,facebook,14.285714285714286,14.285714285714286,7
1653,time_decay,facebook,0.7874015748031495,0.7874015748031495,7
1653,time_decay,organic,1.574803149606299,1.574803149606299,7
1653,time_decay,instagram,3.149606299212598,3.149606299212598,7
1653,time_decay,tiktok,6.299212598425196,6.299212598425196,7
1653,time_decay,google_search,12.598425196850393,12.598425196850393,7
1653,time_decay,google_search,25.196850393700785,25.196850393700785,7
1653,time_decay,facebook,50.39370078740157,50.39370078740157,7
1653,position_based,facebook,40.0,40.0,7
1653,position_based,organic,3.999999999999999,3.9999999999999996,7
1653,position_based,instagram,3.999999999999999,3.9999999999999996,7
1653,position_based,tiktok,3.999999999999999,3.9999999999999996,7
1653,position_based,google_search,3.999999999999999,3.9999999999999996,7
1653,position_based,google_search,3.999999999999999,3.9999999999999996,7
1653,position_based,facebook,40.0,40.0,7
1656,last_click,google_search,100.0,100.0,2
1656,linear,organic,50.0,50.0,2
1656,linear,google_search,50.0,50.0,2
1656,time_decay,organic,33.33333333333333,33.33333333333333,2
1656,time_decay,google_search,66.66666666666666,66.66666666666666,2
1656,position_based,organic,50.0,50.0,2
1656,position_based,google_search,50.0,50.0,2
1671,last_click,facebook,100.0,100.0,3
1671,linear,organic,33.333333333333336,33.333333333333336,3
1671,linear,instagram,33.333333333333336,33.333333333333336,3
1671,linear,facebook,33.333333333333336,33.333333333333336,3
1671,time_decay,organic,14.285714285714285,14.285714285714285,3
1671,time_decay,instagram,28.57142857142857,28.57142857142857,3
1671,time_decay,facebook,57.14285714285714,57.14285714285714,3
1671,position_based,organic,40.0,40.0,3
1671,position_based,instagram,19.999999999999996,19.999999999999996,3
1671,position_based,facebook,40.0,40.0,3
1678,last_click,google_search,100.0,100.0,4
1678,linear,google_search,25.0,25.0,4
1678,linear,display,25.0,25.0,4
1678,linear,google_search,25.0,25.0,4
1678,linear,google_search,25.0,25.0,4
1678,time_decay,google_search,6.666666666666667,6.666666666666667,4
1678,time_decay,display,13.333333333333334,13.333333333333334,4
1678,time_decay,google_search,26.666666666666668,26.666666666666668,4
1678,time_decay,google_search,53.333333333333336,53.333333333333336,4
1678,position_based,google_search,40.0,40.0,4
1678,position_based,display,9.999999999999998,9.999999999999998,4
1678,position_based,google_search,9.999999999999998,9.999999999999998,4
1678,position_based,google_search,40.0,40.0,4
1680,last_click,organic,100.0,100.0,10
1680,linear,google_search,10.0,10.0,10
1680,linear,tiktok,10.0,10.0,10
1680,linear,organic,10.0,10.0,10
1680,linear,google_search,10.0,10.0,10
1680,linear,instagram,10.0,10.0,10
1680,linear,tiktok,10.0,10.0,10
1680,linear,organic,10.0,10.0,10
1680,linear,tiktok,10.0,10.0,10
1680,linear,google_search,10.0,10.0,10
1680,linear,organic,10.0,10.0,10
1680,time_decay,google_search,0.09775171065493646,0.09775171065493646,10
1680,time_decay,tiktok,0.19550342130987292,0.19550342130987292,10
1680,time_decay,organic,0.39100684261974583,0.39100684261974583,10
1680,time_decay,google_search,0.7820136852394917,0.7820136852394917,10
1680,time_decay,instagram,1.5640273704789833,1.5640273704789833,10
1680,time_decay,tiktok,3.1280547409579667,3.1280547409579667,10
1680,time_decay,organic,6.256109481915933,6.256109481915933,10
1680,time_decay,tiktok,12.512218963831867,12.512218963831867,10
1680,time_decay,google_search,25.024437927663733,25.024437927663733,10
1680,time_decay,organic,50.048875855327466,50.048875855327466,10
1680,position_based,google_search,40.0,40.0,10
1680,position_based,tiktok,2.4999999999999996,2.4999999999999996,10
1680,position_based,organic,2.4999999999999996,2.4999999999999996,10
1680,position_based,google_search,2.4999999999999996,2.4999999999999996,10
1680,position_based,instagram,2.4999999999999996,2.4999999999999996,10
1680,position_based,tiktok,2.4999999999999996,2.4999999999999996,10
1680,position_based,organic,2.4999999999999996,2.4999999999999996,10
1680,position_based,tiktok,2.4999999999999996,2.4999999999999996,10
1680,position_based,google_search,2.4999999999999996,2.4999999999999996,10
1680,position_based,organic,40.0,40.0,10
1686,last_click,instagram,100.0,100.0,3
1686,linear,facebook,33.333333333333336,33.333333333333336,3
1686,linear,display,33.333333333333336,33.333333333333336,3
1686,linear,instagram,33.333333333333336,33.333333333333336,3
1686,time_decay,facebook,14.285714285714285,14.285714285714285,3
1686,time_decay,display,28.57142857142857,28.57142857142857,3
1686,time_decay,instagram,57.14285714285714,57.14285714285714,3
1686,position_based,facebook,40.0,40.0,3
1686,position_based,display,19.999999999999996,19.999999999999996,3
1686,position_based,instagram,40.0,40.0,3
1687,last_click,display,100.0,100.0,1
1687,linear,display,100.0,100.0,1
1687,time_decay,display,100.0,100.0,1
1687,position_based,display,100.0,100.0,1
1690,last_click,google_search,100.0,100.0,6
1690,linear,organic,16.666666666666668,16.666666666666668,6
1690,linear,organic,16.666666666666668,16.666666666666668,6
1690,linear,display,16.666666666666668,16.666666666666668,6
1690,linear,organic,16.666666666666668,16.666666666666668,6
1690,linear,facebook,16.666666666666668,16.666666666666668,6
1690,linear,google_search,16.666666666666668,16.666666666666668,6
1690,time_decay,organic,1.5873015873015872,1.5873015873015872,6
1690,time_decay,organic,3.1746031746031744,3.1746031746031744,6
1690,time_decay,display,6.349206349206349,6.349206349206349,6
1690,time_decay,organic,12.698412698412698,12.698412698412698,6
1690,time_decay,facebook,25.396825396825395,25.396825396825395,6
1690,time_decay,google_search,50.79365079365079,50.79365079365079,6
1690,position_based,organic,40.0,40.0,6
1690,position_based,organic,4.999999999999999,4.999999999999999,6
1690,position_based,display,4.999999999999999,4.999999999999999,6
1690,position_based,organic,4.999999999999999,4.999999999999999,6
1690,position_based,facebook,4.999999999999999,4.999999999999999,6
1690,position_based,google_search,40.0,40.0,6
1691,last_click,organic,100.0,100.0,3
1691,linear,email,33.333333333333336,33.333333333333336,3
1691,linear,organic,33.333333333333336,33.333333333333336,3
1691,linear,organic,33.333333333333336,33.333333333333336,3
1691,time_decay,email,14.285714285714285,14.285714285714285,3
1691,time_decay,organic,28.57142857142857,28.57142857142857,3
1691,time_decay,organic,57.14285714285714,57.14285714285714,3
1691,position_based,email,40.0,40.0,3
1691,position_based,organic,19.999999999999996,19.999999999999996,3
1691,position_based,organic,40.0,40.0,3
1693,last_click,display,100.0,100.0,8
1693,linear,google_search,12.5,12.5,8
1693,linear,facebook,12.5,12.5,8
1693,linear,facebook,12.5,12.5,8
1693,linear,organic,12.5,12.5,8
1693,linear,organic,12.5,12.5,8
1693,linear,facebook,12.5,12.5,8
1693,linear,display,12.5,12.5,8
1693,linear,display,12.5,12.5,8
1693,time_decay,google_search,0.39215686274509803,0.39215686274509803,8
1693,time_decay,facebook,0.7843137254901961,0.7843137254901961,8
1693,time_decay,facebook,1.5686274509803921,1.5686274509803921,8
1693,time_decay,organic,3.1372549019607843,3.1372549019607843,8
1693,time_decay,organic,6.2745098039215685,6.2745098039215685,8
1693,time_decay,facebook,12.549019607843137,12.549019607843137,8
1693,time_decay,display,25.098039215686274,25.098039215686274,8
1693,time_decay,display,50.19607843137255,50.19607843137255,8
1693,position_based,google_search,40.0,40.0,8
1693,position_based,facebook,3.3333333333333326,3.3333333333333326,8
1693,position_based,facebook,3.3333333333333326,3.3333333333333326,8
1693,position_based,organic,3.3333333333333326,3.3333333333333326,8
1693,position_based,organic,3.3333333333333326,3.3333333333333326,8
1693,position_based,facebook,3.3333333333333326,3.3333333333333326,8
1693,position_based,display,3.3333333333333326,3.3333333333333326,8
1693,position_based,display,40.0,40.0,8
1700,last_click,google_search,100.0,100.0,2
1700,linear,instagram,50.0,50.0,2
1700,linear,google_search,50.0,50.0,2
1700,time_decay,instagram,33.33333333333333,33.33333333333333,2
1700,time_decay,google_search,66.66666666666666,66.66666666666666,2
1700,position_based,instagram,50.0,50.0,2
1700,position_based,google_search,50.0,50.0,2
1703,last_click,facebook,100.0,100.0,3
1703,linear,email,33.333333333333336,33.333333333333336,3
1703,linear,google_search,33.333333333333336,33.333333333333336,3
1703,linear,facebook,33.333333333333336,33.333333333333336,3
1703,time_decay,email,14.285714285714285,14.285714285714285,3
1703,time_decay,google_search,28.57142857142857,28.57142857142857,3
1703,time_decay,facebook,57.14285714285714,57.14285714285714,3
1703,position_based,email,40.0,40.0,3
1703,position_based,google_search,19.999999999999996,19.999999999999996,3
1703,position_based,facebook,40.0,40.0,3
1708,last_click,google_search,100.0,100.0,5
1708,linear,display,20.0,20.0,5
1708,linear,tiktok,20.0,20.0,5
1708,linear,tiktok,20.0,20.0,5
1708,linear,email,20.0,20.0,5
1708,linear,google_search,20.0,20.0,5
1708,time_decay,display,3.225806451612903,3.225806451612903,5
1708,time_decay,tiktok,6.451612903225806,6.451612903225806,5
1708,time_decay,tiktok,12.903225806451612,12.903225806451612,5
1708,time_decay,email,25.806451612903224,25.806451612903224,5
1708,time_decay,google_search,51.61290322580645,51.61290322580645,5
1708,position_based,display,40.0,40.0,5
1708,position_based,tiktok,6.666666666666665,6.666666666666665,5
1708,position_based,tiktok,6.666666666666665,6.666666666666665,5
1708,position_based,email,6.666666666666665,6.666666666666665,5
1708,position_based,google_search,40.0,40.0,5
1711,last_click,facebook,100.0,100.0,3
1711,linear,instagram,33.333333333333336,33.333333333333336,3
1711,linear,google_search,33.333333333333336,33.333333333333336,3
1711,linear,facebook,33.333333333333336,33.333333333333336,3
1711,time_decay,instagram,14.285714285714285,14.285714285714285,3
1711,time_decay,google_search,28.57142857142857,28.57142857142857,3
1711,time_decay,facebook,57.14285714285714,57.14285714285714,3
1711,position_based,instagram,40.0,40.0,3
1711,position_based,google_search,19.999999999999996,19.999999999999996,3
1711,position_based,facebook,40.0,40.0,3
1719,last_click,google_search,100.0,100.0,4
1719,linear,instagram,25.0,25.0,4
1719,linear,display,25.0,25.0,4
1719,linear,email,25.0,25.0,4
1719,linear,google_search,25.0,25.0,4
1719,time_decay,instagram,6.666666666666667,6.666666666666667,4
1719,time_decay,display,13.333333333333334,13.333333333333334,4
1719,time_decay,email,26.666666666666668,26.666666666666668,4
1719,time_decay,google_search,53.333333333333336,53.333333333333336,4
1719,position_based,instagram,40.0,40.0,4
1719,position_based,display,9.999999999999998,9.999999999999998,4
1719,position_based,email,9.999999999999998,9.999999999999998,4
1719,position_based,google_search,40.0,40.0,4
1722,last_click,instagram,100.0,100.0,4
1722,linear,display,25.0,25.0,4
1722,linear,instagram,25.0,25.0,4
1722,linear,tiktok,25.0,25.0,4
1722,linear,instagram,25.0,25.0,4
1722,time_decay,display,6.666666666666667,6.666666666666667,4
1722,time_decay,instagram,13.333333333333334,13.333333333333334,4
1722,time_decay,tiktok,26.666666666666668,26.666666666666668,4
1722,time_decay,instagram,53.333333333333336,53.333333333333336,4
1722,position_based,display,40.0,40.0,4
1722,position_based,instagram,9.999999999999998,9.999999999999998,4
1722,position_based,tiktok,9.999999999999998,9.999999999999998,4
1722,position_based,instagram,40.0,40.0,4
1725,last_click,google_search,100.0,100.0,5
1725,linear,display,20.0,20.0,5
1725,linear,tiktok,20.0,20.0,5
1725,linear,display,20.0,20.0,5
1725,linear,organic,20.0,20.0,5
1725,linear,google_search,20.0,20.0,5
1725,time_decay,display,3.225806451612903,3.225806451612903,5
1725,time_decay,tiktok,6.451612903225806,6.451612903225806,5
1725,time_decay,display,12.903225806451612,12.903225806451612,5
1725,time_decay,organic,25.806451612903224,25.806451612903224,5
1725,time_decay,google_search,51.61290322580645,51.61290322580645,5
1725,position_based,display,40.0,40.0,5
1725,position_based,tiktok,6.666666666666665,6.666666666666665,5
1725,position_based,display,6.666666666666665,6.666666666666665,5
1725,position_based,organic,6.666666666666665,6.666666666666665,5
1725,position_based,google_search,40.0,40.0,5
1737,last_click,display,100.0,100.0,5
1737,linear,google_search,20.0,20.0,5
1737,linear,facebook,20.0,20.0,5
1737,linear,google_search,20.0,20.0,5
1737,linear,display,20.0,20.0,5
1737,linear,display,20.0,20.0,5
1737,time_decay,google_search,3.225806451612903,3.225806451612903,5
1737,time_decay,facebook,6.451612903225806,6.451612903225806,5
1737,time_decay,google_search,12.903225806451612,12.903225806451612,5
1737,time_decay,display,25.806451612903224,25.806451612903224,5
1737,time_decay,display,51.61290322580645,51.61290322580645,5
1737,position_based,google_search,40.0,40.0,5
1737,position_based,facebook,6.666666666666665,6.666666666666665,5
1737,position_based,google_search,6.666666666666665,6.666666666666665,5
1737,position_based,display,6.666666666666665,6.666666666666665,5
1737,position_based,display,40.0,40.0,5
1739,last_click,facebook,100.0,100.0,3
1739,linear,email,33.333333333333336,33.333333333333336,3
1739,linear,facebook,33.333333333333336,33.333333333333336,3
1739,linear,facebook,33.333333333333336,33.333333333333336,3
1739,time_decay,email,14.285714285714285,14.285714285714285,3
1739,time_decay,facebook,28.57142857142857,28.57142857142857,3
1739,time_decay,facebook,57.14285714285714,57.14285714285714,3
1739,position_based,email,40.0,40.0,3
1739,position_based,facebook,19.999999999999996,19.999999999999996,3
1739,position_based,facebook,40.0,40.0,3
1741,last_click,google_search,100.0,100.0,8
1741,linear,organic,12.5,12.5,8
1741,linear,google_search,12.5,12.5,8
1741,linear,organic,12.5,12.5,8
1741,linear,google_search,12.5,12.5,8
1741,linear,instagram,12.5,12.5,8
1741,linear,google_search,12.5,12.5,8
1741,linear,google_search,12.5,12.5,8
1741,linear,google_search,12.5,12.5,8
1741,time_decay,organic,0.39215686274509803,0.39215686274509803,8
1741,time_decay,google_search,0.7843137254901961,0.7843137254901961,8
1741,time_decay,organic,1.5686274509803921,1.5686274509803921,8
1741,time_decay,google_search,3.1372549019607843,3.1372549019607843,8
1741,time_decay,instagram,6.2745098039215685,6.2745098039215685,8
1741,time_decay,google_search,12.549019607843137,12.549019607843137,8
1741,time_decay,google_search,25.098039215686274,25.098039215686274,8
1741,time_decay,google_search,50.19607843137255,50.19607843137255,8
1741,position_based,organic,40.0,40.0,8
1741,position_based,google_search,3.3333333333333326,3.3333333333333326,8
1741,position_based,organic,3.3333333333333326,3.3333333333333326,8
1741,position_based,google_search,3.3333333333333326,3.3333333333333326,8
1741,position_based,instagram,3.3333333333333326,3.3333333333333326,8
1741,position_based,google_search,3.3333333333333326,3.3333333333333326,8
1741,position_based,google_search,3.3333333333333326,3.3333333333333326,8
1741,position_based,google_search,40.0,40.0,8
1742,last_click,google_search,100.0,100.0,3
1742,linear,tiktok,33.333333333333336,33.333333333333336,3
1742,linear,organic,33.333333333333336,33.333333333333336,3
1742,linear,google_search,33.333333333333336,33.333333333333336,3
1742,time_decay,tiktok,14.285714285714285,14.285714285714285,3
1742,time_decay,organic,28.57142857142857,28.57142857142857,3
1742,time_decay,google_search,57.14285714285714,57.14285714285714,3
1742,position_based,tiktok,40.0,40.0,3
1742,position_based,organic,19.999999999999996,19.999999999999996,3
1742,position_based,google_search,40.0,40.0,3
1756,last_click,organic,100.0,100.0,3
1756,linear,instagram,33.333333333333336,33.333333333333336,3
1756,linear,organic,33.333333333333336,33.333333333333336,3
1756,linear,organic,33.333333333333336,33.333333333333336,3
1756,time_decay,instagram,14.285714285714285,14.285714285714285,3
1756,time_decay,organic,28.57142857142857,28.57142857142857,3
1756,time_decay,organic,57.14285714285714,57.14285714285714,3
1756,position_based,instagram,40.0,40.0,3
1756,position_based,organic,19.999999999999996,19.999999999999996,3
1756,position_based,organic,40.0,40.0,3
1757,last_click,instagram,100.0,100.0,8
1757,linear,display,12.5,12.5,8
1757,linear,email,12.5,12.5,8
1757,linear,facebook,12.5,12.5,8
1757,linear,instagram,12.5,12.5,8
1757,linear,tiktok,12.5,12.5,8
1757,linear,instagram,12.5,12.5,8
1757,linear,display,12.5,12.5,8
1757,linear,instagram,12.5,12.5,8
1757,time_decay,display,0.39215686274509803,0.39215686274509803,8
1757,time_decay,email,0.7843137254901961,0.7843137254901961,8
1757,time_decay,facebook,1.5686274509803921,1.5686274509803921,8
1757,time_decay,instagram,3.1372549019607843,3.1372549019607843,8
1757,time_decay,tiktok,6.2745098039215685,6.2745098039215685,8
1757,time_decay,instagram,12.549019607843137,12.549019607843137,8
1757,time_decay,display,25.098039215686274,25.098039215686274,8
1757,time_decay,instagram,50.19607843137255,50.19607843137255,8
1757,position_based,display,40.0,40.0,8
1757,position_based,email,3.3333333333333326,3.3333333333333326,8
1757,position_based,facebook,3.3333333333333326,3.3333333333333326,8
1757,position_based,instagram,3.3333333333333326,3.3333333333333326,8
1757,position_based,tiktok,3.3333333333333326,3.3333333333333326,8
1757,position_based,instagram,3.3333333333333326,3.3333333333333326,8
1757,position_based,display,3.3333333333333326,3.3333333333333326,8
1757,position_based,instagram,40.0,40.0,8
1758,last_click,email,100.0,100.0,6
1758,linear,google_search,16.666666666666668,16.666666666666668,6
1758,linear,instagram,16.666666666666668,16.666666666666668,6
1758,linear,organic,16.666666666666668,16.666666666666668,6
1758,linear,google_search,16.666666666666668,16.666666666666668,6
1758,linear,display,16.666666666666668,16.666666666666668,6
1758,linear,email,16.666666666666668,16.666666666666668,6
1758,time_decay,google_search,1.5873015873015872,1.5873015873015872,6
1758,time_decay,instagram,3.1746031746031744,3.1746031746031744,6
1758,time_decay,organic,6.349206349206349,6.349206349206349,6
1758,time_decay,google_search,12.698412698412698,12.698412698412698,6
1758,time_decay,display,25.396825396825395,25.396825396825395,6
1758,time_decay,email,50.79365079365079,50.79365079365079,6
1758,position_based,google_search,40.0,40.0,6
1758,position_based,instagram,4.999999999999999,4.999999999999999,6
1758,position_based,organic,4.999999999999999,4.999999999999999,6
1758,position_based,google_search,4.999999999999999,4.999999999999999,6
1758,position_based,display,4.999999999999999,4.999999999999999,6
1758,position_based,email,40.0,40.0,6
1760,last_click,facebook,100.0,100.0,6
1760,linear,display,16.666666666666668,16.666666666666668,6
1760,linear,instagram,16.666666666666668,16.666666666666668,6
1760,linear,google_search,16.666666666666668,16.666666666666668,6
1760,linear,email,16.666666666666668,16.666666666666668,6
1760,linear,facebook,16.666666666666668,16.666666666666668,6
1760,linear,facebook,16.666666666666668,16.666666666666668,6
1760,time_decay,display,1.5873015873015872,1.5873015873015872,6
1760,time_decay,instagram,3.1746031746031744,3.1746031746031744,6
1760,time_decay,google_search,6.349206349206349,6.349206349206349,6
1760,time_decay,email,12.698412698412698,12.698412698412698,6
1760,time_decay,facebook,25.396825396825395,25.396825396825395,6
1760,time_decay,facebook,50.79365079365079,50.79365079365079,6
1760,position_based,display,40.0,40.0,6
1760,position_based,instagram,4.999999999999999,4.999999999999999,6
1760,position_based,google_search,4.999999999999999,4.999999999999999,6
1760,position_based,email,4.999999999999999,4.999999999999999,6
1760,position_based,facebook,4.999999999999999,4.999999999999999,6
1760,position_based,facebook,40.0,40.0,6
1766,last_click,display,100.0,100.0,2
1766,linear,google_search,50.0,50.0,2
1766,linear,display,50.0,50.0,2
1766,time_decay,google_search,33.33333333333333,33.33333333333333,2
1766,time_decay,display,66.66666666666666,66.66666666666666,2
1766,position_based,google_search,50.0,50.0,2
1766,position_based,display,50.0,50.0,2
1770,last_click,google_search,100.0,100.0,1
1770,linear,google_search,100.0,100.0,1
1770,time_decay,google_search,100.0,100.0,1
1770,position_based,google_search,100.0,100.0,1
1777,last_click,tiktok,100.0,100.0,5
1777,linear,organic,20.0,20.0,5
1777,linear,organic,20.0,20.0,5
1777,linear,tiktok,20.0,20.0,5
1777,linear,email,20.0,20.0,5
1777,linear,tiktok,20.0,20.0,5
1777,time_decay,organic,3.225806451612903,3.225806451612903,5
1777,time_decay,organic,6.451612903225806,6.451612903225806,5
1777,time_decay,tiktok,12.903225806451612,12.903225806451612,5
1777,time_decay,email,25.806451612903224,25.806451612903224,5
1777,time_decay,tiktok,51.61290322580645,51.61290322580645,5
1777,position_based,organic,40.0,40.0,5
1777,position_based,organic,6.666666666666665,6.666666666666665,5
1777,position_based,tiktok,6.666666666666665,6.666666666666665,5
1777,position_based,email,6.666666666666665,6.666666666666665,5
1777,position_based,tiktok,40.0,40.0,5
1779,last_click,google_search,100.0,100.0,5
1779,linear,google_search,20.0,20.0,5
1779,linear,organic,20.0,20.0,5
1779,linear,google_search,20.0,20.0,5
1779,linear,organic,20.0,20.0,5
1779,linear,google_search,20.0,20.0,5
1779,time_decay,google_search,3.225806451612903,3.225806451612903,5
1779,time_decay,organic,6.451612903225806,6.451612903225806,5
1779,time_decay,google_search,12.903225806451612,12.903225806451612,5
1779,time_decay,organic,25.806451612903224,25.806451612903224,5
1779,time_decay,google_search,51.61290322580645,51.61290322580645,5
1779,position_based,google_search,40.0,40.0,5
1779,position_based,organic,6.666666666666665,6.666666666666665,5
1779,position_based,google_search,6.666666666666665,6.666666666666665,5
1779,position_based,organic,6.666666666666665,6.666666666666665,5
1779,position_based,google_search,40.0,40.0,5
1801,last_click,google_search,100.0,100.0,3
1801,linear,instagram,33.333333333333336,33.333333333333336,3
1801,linear,tiktok,33.333333333333336,33.333333333333336,3
1801,linear,google_search,33.333333333333336,33.333333333333336,3
1801,time_decay,instagram,14.285714285714285,14.285714285714285,3
1801,time_decay,tiktok,28.57142857142857,28.57142857142857,3
1801,time_decay,google_search,57.14285714285714,57.14285714285714,3
1801,position_based,instagram,40.0,40.0,3
1801,position_based,tiktok,19.999999999999996,19.999999999999996,3
1801,position_based,google_search,40.0,40.0,3
1803,last_click,tiktok,100.0,100.0,4
1803,linear,facebook,25.0,25.0,4
1803,linear,tiktok,25.0,25.0,4
1803,linear,instagram,25.0,25.0,4
1803,linear,tiktok,25.0,25.0,4
1803,time_decay,facebook,6.666666666666667,6.666666666666667,4
1803,time_decay,tiktok,13.333333333333334,13.333333333333334,4
1803,time_decay,instagram,26.666666666666668,26.666666666666668,4
1803,time_decay,tiktok,53.333333333333336,53.333333333333336,4
1803,position_based,facebook,40.0,40.0,4
1803,position_based,tiktok,9.999999999999998,9.999999999999998,4
1803,position_based,instagram,9.999999999999998,9.999999999999998,4
1803,position_based,tiktok,40.0,40.0,4
1810,last_click,facebook,100.0,100.0,3
1810,linear,facebook,33.333333333333336,33.333333333333336,3
1810,linear,facebook,33.333333333333336,33.333333333333336,3
1810,linear,facebook,33.333333333333336,33.333333333333336,3
1810,time_decay,facebook,14.285714285714285,14.285714285714285,3
1810,time_decay,facebook,28.57142857142857,28.57142857142857,3
1810,time_decay,facebook,57.14285714285714,57.14285714285714,3
1810,position_based,facebook,40.0,40.0,3
1810,position_based,facebook,19.999999999999996,19.999999999999996,3
1810,position_based,facebook,40.0,40.0,3
1818,last_click,facebook,100.0,100.0,2
1818,linear,email,50.0,50.0,2
1818,linear,facebook,50.0,50.0,2
1818,time_decay,email,33.33333333333333,33.33333333333333,2
1818,time_decay,facebook,66.66666666666666,66.66666666666666,2
1818,position_based,email,50.0,50.0,2
1818,position_based,facebook,50.0,50.0,2
1819,last_click,google_search,100.0,100.0,1
1819,linear,google_search,100.0,100.0,1
1819,time_decay,google_search,100.0,100.0,1
1819,position_based,google_search,100.0,100.0,1
1820,last_click,instagram,100.0,100.0,4
1820,linear,google_search,25.0,25.0,4
1820,linear,organic,25.0,25.0,4
1820,linear,tiktok,25.0,25.0,4
1820,linear,instagram,25.0,25.0,4
1820,time_decay,google_search,6.666666666666667,6.666666666666667,4
1820,time_decay,organic,13.333333333333334,13.333333333333334,4
1820,time_decay,tiktok,26.666666666666668,26.666666666666668,4
1820,time_decay,instagram,53.333333333333336,53.333333333333336,4
1820,position_based,google_search,40.0,40.0,4
1820,position_based,organic,9.999999999999998,9.999999999999998,4
1820,position_based,tiktok,9.999999999999998,9.999999999999998,4
1820,position_based,instagram,40.0,40.0,4
1821,last_click,facebook,100.0,100.0,6
1821,linear,instagram,16.666666666666668,16.666666666666668,6
1821,linear,tiktok,16.666666666666668,16.666666666666668,6
1821,linear,organic,16.666666666666668,16.666666666666668,6
1821,linear,google_search,16.666666666666668,16.666666666666668,6
1821,linear,email,16.666666666666668,16.666666666666668,6
1821,linear,facebook,16.666666666666668,16.666666666666668,6
1821,time_decay,instagram,1.5873015873015872,1.5873015873015872,6
1821,time_decay,tiktok,3.1746031746031744,3.1746031746031744,6
1821,time_decay,organic,6.349206349206349,6.349206349206349,6
1821,time_decay,google_search,12.698412698412698,12.698412698412698,6
1821,time_decay,email,25.396825396825395,25.396825396825395,6
1821,time_decay,facebook,50.79365079365079,50.79365079365079,6
1821,position_based,instagram,40.0,40.0,6
1821,position_based,tiktok,4.999999999999999,4.999999999999999,6
1821,position_based,organic,4.999999999999999,4.999999999999999,6
1821,position_based,google_search,4.999999999999999,4.999999999999999,6
1821,position_based,email,4.999999999999999,4.999999999999999,6
1821,position_based,facebook,40.0,40.0,6
1822,last_click,display,100.0,100.0,5
1822,linear,tiktok,20.0,20.0,5
1822,linear,email,20.0,20.0,5
1822,linear,display,20.0,20.0,5
1822,linear,instagram,20.0,20.0,5
1822,linear,display,20.0,20.0,5
1822,time_decay,tiktok,3.225806451612903,3.225806451612903,5
1822,time_decay,email,6.451612903225806,6.451612903225806,5
1822,time_decay,display,12.903225806451612,12.903225806451612,5
1822,time_decay,instagram,25.806451612903224,25.806451612903224,5
1822,time_decay,display,51.61290322580645,51.61290322580645,5
1822,position_based,tiktok,40.0,40.0,5
1822,position_based,email,6.666666666666665,6.666666666666665,5
1822,position_based,display,6.666666666666665,6.666666666666665,5
1822,position_based,instagram,6.666666666666665,6.666666666666665,5
1822,position_based,display,40.0,40.0,5
1831,last_click,google_search,100.0,100.0,7
1831,linear,facebook,14.285714285714286,14.285714285714286,7
1831,linear,facebook,14.285714285714286,14.285714285714286,7
1831,linear,facebook,14.285714285714286,14.285714285714286,7
1831,linear,google_search,14.285714285714286,14.285714285714286,7
1831,linear,tiktok,14.285714285714286,14.285714285714286,7
1831,linear,facebook,14.285714285714286,14.285714285714286,7
1831,linear,google_search,14.285714285714286,14.285714285714286,7
1831,time_decay,facebook,0.7874015748031495,0.7874015748031495,7
1831,time_decay,facebook,1.574803149606299,1.574803149606299,7
1831,time_decay,facebook,3.149606299212598,3.149606299212598,7
1831,time_decay,google_search,6.299212598425196,6.299212598425196,7
1831,time_decay,tiktok,12.598425196850393,12.598425196850393,7
1831,time_decay,facebook,25.196850393700785,25.196850393700785,7
1831,time_decay,google_search,50.39370078740157,50.39370078740157,7
1831,position_based,facebook,40.0,40.0,7
1831,position_based,facebook,3.999999999999999,3.9999999999999996,7
1831,position_based,facebook,3.999999999999999,3.9999999999999996,7
1831,position_based,google_search,3.999999999999999,3.9999999999999996,7
1831,position_based,tiktok,3.999999999999999,3.9999999999999996,7
1831,position_based,facebook,3.999999999999999,3.9999999999999996,7
1831,position_based,google_search,40.0,40.0,7
1834,last_click,display,100.0,100.0,5
1834,linear,google_search,20.0,20.0,5
1834,linear,display,20.0,20.0,5
1834,linear,facebook,20.0,20.0,5
1834,linear,tiktok,20.0,20.0,5
1834,linear,display,20.0,20.0,5
1834,time_decay,google_search,3.225806451612903,3.225806451612903,5
1834,time_decay,display,6.451612903225806,6.451612903225806,5
1834,time_decay,facebook,12.903225806451612,12.903225806451612,5
1834,time_decay,tiktok,25.806451612903224,25.806451612903224,5
1834,time_decay,display,51.61290322580645,51.61290322580645,5
1834,position_based,google_search,40.0,40.0,5
1834,position_based,display,6.666666666666665,6.666666666666665,5
1834,position_based,facebook,6.666666666666665,6.666666666666665,5
1834,position_based,tiktok,6.666666666666665,6.666666666666665,5
1834,position_based,display,40.0,40.0,5
1837,last_click,instagram,100.0,100.0,5
1837,linear,display,20.0,20.0,5
1837,linear,tiktok,20.0,20.0,5
1837,linear,facebook,20.0,20.0,5
1837,linear,google_search,20.0,20.0,5
1837,linear,instagram,20.0,20.0,5
1837,time_decay,display,3.225806451612903,3.225806451612903,5
1837,time_decay,tiktok,6.451612903225806,6.451612903225806,5
1837,time_decay,facebook,12.903225806451612,12.903225806451612,5
1837,time_decay,google_search,25.806451612903224,25.806451612903224,5
1837,time_decay,instagram,51.61290322580645,51.61290322580645,5
1837,position_based,display,40.0,40.0,5
1837,position_based,tiktok,6.666666666666665,6.666666666666665,5
1837,position_based,facebook,6.666666666666665,6.666666666666665,5
1837,position_based,google_search,6.666666666666665,6.666666666666665,5
1837,position_based,instagram,40.0,40.0,5
1839,last_click,tiktok,100.0,100.0,2
1839,linear,email,50.0,50.0,2
1839,linear,tiktok,50.0,50.0,2
1839,time_decay,email,33.33333333333333,33.33333333333333,2
1839,time_decay,tiktok,66.66666666666666,66.66666666666666,2
1839,position_based,email,50.0,50.0,2
1839,position_based,tiktok,50.0,50.0,2
1841,last_click,email,100.0,100.0,4
1841,linear,google_search,25.0,25.0,4
1841,linear,tiktok,25.0,25.0,4
1841,linear,facebook,25.0,25.0,4
1841,linear,email,25.0,25.0,4
1841,time_decay,google_search,6.666666666666667,6.666666666666667,4
1841,time_decay,tiktok,13.333333333333334,13.333333333333334,4
1841,time_decay,facebook,26.666666666666668,26.666666666666668,4
1841,time_decay,email,53.333333333333336,53.333333333333336,4
1841,position_based,google_search,40.0,40.0,4
1841,position_based,tiktok,9.999999999999998,9.999999999999998,4
1841,position_based,facebook,9.999999999999998,9.999999999999998,4
1841,position_based,email,40.0,40.0,4
1843,last_click,instagram,100.0,100.0,3
1843,linear,tiktok,33.333333333333336,33.333333333333336,3
1843,linear,google_search,33.333333333333336,33.333333333333336,3
1843,linear,instagram,33.333333333333336,33.333333333333336,3
1843,time_decay,tiktok,14.285714285714285,14.285714285714285,3
1843,time_decay,google_search,28.57142857142857,28.57142857142857,3
1843,time_decay,instagram,57.14285714285714,57.14285714285714,3
1843,position_based,tiktok,40.0,40.0,3
1843,position_based,google_search,19.999999999999996,19.999999999999996,3
1843,position_based,instagram,40.0,40.0,3
1860,last_click,email,100.0,100.0,4
1860,linear,facebook,25.0,25.0,4
1860,linear,email,25.0,25.0,4
1860,linear,tiktok,25.0,25.0,4
1860,linear,email,25.0,25.0,4
1860,time_decay,facebook,6.666666666666667,6.666666666666667,4
1860,time_decay,email,13.333333333333334,13.333333333333334,4
1860,time_decay,tiktok,26.666666666666668,26.666666666666668,4
1860,time_decay,email,53.333333333333336,53.333333333333336,4
1860,position_based,facebook,40.0,40.0,4
1860,position_based,email,9.999999999999998,9.999999999999998,4
1860,position_based,tiktok,9.999999999999998,9.999999999999998,4
1860,position_based,email,40.0,40.0,4
1865,last_click,google_search,100.0,100.0,2
1865,linear,tiktok,50.0,50.0,2
1865,linear,google_search,50.0,50.0,2
1865,time_decay,tiktok,33.33333333333333,33.33333333333333,2
1865,time_decay,google_search,66.66666666666666,66.66666666666666,2
1865,position_based,tiktok,50.0,50.0,2
1865,position_based,google_search,50.0,50.0,2
1873,last_click,google_search,100.0,100.0,4
1873,linear,display,25.0,25.0,4
1873,linear,display,25.0,25.0,4
1873,linear,google_search,25.0,25.0,4
1873,linear,google_search,25.0,25.0,4
1873,time_decay,display,6.666666666666667,6.666666666666667,4
1873,time_decay,display,13.333333333333334,13.333333333333334,4
1873,time_decay,google_search,26.666666666666668,26.666666666666668,4
1873,time_decay,google_search,53.333333333333336,53.333333333333336,4
1873,position_based,display,40.0,40.0,4
1873,position_based,display,9.999999999999998,9.999999999999998,4
1873,position_based,google_search,9.999999999999998,9.999999999999998,4
1873,position_based,google_search,40.0,40.0,4
1897,last_click,google_search,100.0,100.0,7
1897,linear,facebook,14.285714285714286,14.285714285714286,7
1897,linear,instagram,14.285714285714286,14.285714285714286,7
1897,linear,tiktok,14.285714285714286,14.285714285714286,7
1897,linear,display,14.285714285714286,14.285714285714286,7
1897,linear,display,14.285714285714286,14.285714285714286,7
1897,linear,google_search,14.285714285714286,14.285714285714286,7
1897,linear,google_search,14.285714285714286,14.285714285714286,7
1897,time_decay,facebook,0.7874015748031495,0.7874015748031495,7
1897,time_decay,instagram,1.574803149606299,1.574803149606299,7
1897,time_decay,tiktok,3.149606299212598,3.149606299212598,7
1897,time_decay,display,6.299212598425196,6.299212598425196,7
1897,time_decay,display,12.598425196850393,12.598425196850393,7
1897,time_decay,google_search,25.196850393700785,25.196850393700785,7
1897,time_decay,google_search,50.39370078740157,50.39370078740157,7
1897,position_based,facebook,40.0,40.0,7
1897,position_based,instagram,3.999999999999999,3.9999999999999996,7
1897,position_based,tiktok,3.999999999999999,3.9999999999999996,7
1897,position_based,display,3.999999999999999,3.9999999999999996,7
1897,position_based,display,3.999999999999999,3.9999999999999996,7
1897,position_based,google_search,3.999999999999999,3.9999999999999996,7
1897,position_based,google_search,40.0,40.0,7
1905,last_click,facebook,100.0,100.0,5
1905,linear,organic,20.0,20.0,5
1905,linear,organic,20.0,20.0,5
1905,linear,email,20.0,20.0,5
1905,linear,google_search,20.0,20.0,5
1905,linear,facebook,20.0,20.0,5
1905,time_decay,organic,3.225806451612903,3.225806451612903,5
1905,time_decay,organic,6.451612903225806,6.451612903225806,5
1905,time_decay,email,12.903225806451612,12.903225806451612,5
1905,time_decay,google_search,25.806451612903224,25.806451612903224,5
1905,time_decay,facebook,51.61290322580645,51.61290322580645,5
1905,position_based,organic,40.0,40.0,5
1905,position_based,organic,6.666666666666665,6.666666666666665,5
1905,position_based,email,6.666666666666665,6.666666666666665,5
1905,position_based,google_search,6.666666666666665,6.666666666666665,5
1905,position_based,facebook,40.0,40.0,5
1912,last_click,facebook,100.0,100.0,2
1912,linear,instagram,50.0,50.0,2
1912,linear,facebook,50.0,50.0,2
1912,time_decay,instagram,33.33333333333333,33.33333333333333,2
1912,time_decay,facebook,66.66666666666666,66.66666666666666,2
1912,position_based,instagram,50.0,50.0,2
1912,position_based,facebook,50.0,50.0,2
1914,last_click,instagram,100.0,100.0,4
1914,linear,tiktok,25.0,25.0,4
1914,linear,email,25.0,25.0,4
1914,linear,facebook,25.0,25.0,4
1914,linear,instagram,25.0,25.0,4
1914,time_decay,tiktok,6.666666666666667,6.666666666666667,4
1914,time_decay,email,13.333333333333334,13.333333333333334,4
1914,time_decay,facebook,26.666666666666668,26.666666666666668,4
1914,time_decay,instagram,53.333333333333336,53.333333333333336,4
1914,position_based,tiktok,40.0,40.0,4
1914,position_based,email,9.999999999999998,9.999999999999998,4
1914,position_based,facebook,9.999999999999998,9.999999999999998,4
1914,position_based,instagram,40.0,40.0,4
1917,last_click,tiktok,100.0,100.0,2
1917,linear,instagram,50.0,50.0,2
1917,linear,tiktok,50.0,50.0,2
1917,time_decay,instagram,33.33333333333333,33.33333333333333,2
1917,time_decay,tiktok,66.66666666666666,66.66666666666666,2
1917,position_based,instagram,50.0,50.0,2
1917,position_based,tiktok,50.0,50.0,2
1925,last_click,organic,100.0,100.0,4
1925,linear,email,25.0,25.0,4
1925,linear,google_search,25.0,25.0,4
1925,linear,instagram,25.0,25.0,4
1925,linear,organic,25.0,25.0,4
1925,time_decay,email,6.666666666666667,6.666666666666667,4
1925,time_decay,google_search,13.333333333333334,13.333333333333334,4
1925,time_decay,instagram,26.666666666666668,26.666666666666668,4
1925,time_decay,organic,53.333333333333336,53.333333333333336,4
1925,position_based,email,40.0,40.0,4
1925,position_based,google_search,9.999999999999998,9.999999999999998,4
1925,position_based,instagram,9.999999999999998,9.999999999999998,4
1925,position_based,organic,40.0,40.0,4
1926,last_click,google_search,100.0,100.0,3
1926,linear,google_search,33.333333333333336,33.333333333333336,3
1926,linear,google_search,33.333333333333336,33.333333333333336,3
1926,linear,google_search,33.333333333333336,33.333333333333336,3
1926,time_decay,google_search,14.285714285714285,14.285714285714285,3
1926,time_decay,google_search,28.57142857142857,28.57142857142857,3
1926,time_decay,google_search,57.14285714285714,57.14285714285714,3
1926,position_based,google_search,40.0,40.0,3
1926,position_based,google_search,19.999999999999996,19.999999999999996,3
1926,position_based,google_search,40.0,40.0,3
1930,last_click,email,100.0,100.0,5
1930,linear,tiktok,20.0,20.0,5
1930,linear,facebook,20.0,20.0,5
1930,linear,display,20.0,20.0,5
1930,linear,display,20.0,20.0,5
1930,linear,email,20.0,20.0,5
1930,time_decay,tiktok,3.225806451612903,3.225806451612903,5
1930,time_decay,facebook,6.451612903225806,6.451612903225806,5
1930,time_decay,display,12.903225806451612,12.903225806451612,5
1930,time_decay,display,25.806451612903224,25.806451612903224,5
1930,time_decay,email,51.61290322580645,51.61290322580645,5
1930,position_based,tiktok,40.0,40.0,5
1930,position_based,facebook,6.666666666666665,6.666666666666665,5
1930,position_based,display,6.666666666666665,6.666666666666665,5
1930,position_based,display,6.666666666666665,6.666666666666665,5
1930,position_based,email,40.0,40.0,5
1931,last_click,google_search,100.0,100.0,7
1931,linear,instagram,14.285714285714286,14.285714285714286,7
1931,linear,google_search,14.285714285714286,14.285714285714286,7
1931,linear,google_search,14.285714285714286,14.285714285714286,7
1931,linear,facebook,14.285714285714286,14.285714285714286,7
1931,linear,instagram,14.285714285714286,14.285714285714286,7
1931,linear,display,14.285714285714286,14.285714285714286,7
1931,linear,google_search,14.285714285714286,14.285714285714286,7
1931,time_decay,instagram,0.7874015748031495,0.7874015748031495,7
1931,time_decay,google_search,1.574803149606299,1.574803149606299,7
1931,time_decay,google_search,3.149606299212598,3.149606299212598,7
1931,time_decay,facebook,6.299212598425196,6.299212598425196,7
1931,time_decay,instagram,12.598425196850393,12.598425196850393,7
1931,time_decay,display,25.196850393700785,25.196850393700785,7
1931,time_decay,google_search,50.39370078740157,50.39370078740157,7
1931,position_based,instagram,40.0,40.0,7
1931,position_based,google_search,3.999999999999999,3.9999999999999996,7
1931,position_based,google_search,3.999999999999999,3.9999999999999996,7
1931,position_based,facebook,3.999999999999999,3.9999999999999996,7
1931,position_based,instagram,3.999999999999999,3.9999999999999996,7
1931,position_based,display,3.999999999999999,3.9999999999999996,7
1931,position_based,google_search,40.0,40.0,7
1932,last_click,instagram,100.0,100.0,5
1932,linear,facebook,20.0,20.0,5
1932,linear,instagram,20.0,20.0,5
1932,linear,display,20.0,20.0,5
1932,linear,email,20.0,20.0,5
1932,linear,instagram,20.0,20.0,5
1932,time_decay,facebook,3.225806451612903,3.225806451612903,5
1932,time_decay,instagram,6.451612903225806,6.451612903225806,5
1932,time_decay,display,12.903225806451612,12.903225806451612,5
1932,time_decay,email,25.806451612903224,25.806451612903224,5
1932,time_decay,instagram,51.61290322580645,51.61290322580645,5
1932,position_based,facebook,40.0,40.0,5
1932,position_based,instagram,6.666666666666665,6.666666666666665,5
1932,position_based,display,6.666666666666665,6.666666666666665,5
1932,position_based,email,6.666666666666665,6.666666666666665,5
1932,position_based,instagram,40.0,40.0,5
1933,last_click,google_search,100.0,100.0,4
1933,linear,facebook,25.0,25.0,4
1933,linear,facebook,25.0,25.0,4
1933,linear,email,25.0,25.0,4
1933,linear,google_search,25.0,25.0,4
1933,time_decay,facebook,6.666666666666667,6.666666666666667,4
1933,time_decay,facebook,13.333333333333334,13.333333333333334,4
1933,time_decay,email,26.666666666666668,26.666666666666668,4
1933,time_decay,google_search,53.333333333333336,53.333333333333336,4
1933,position_based,facebook,40.0,40.0,4
1933,position_based,facebook,9.999999999999998,9.999999999999998,4
1933,position_based,email,9.999999999999998,9.999999999999998,4
1933,position_based,google_search,40.0,40.0,4
1934,last_click,display,100.0,100.0,6
1934,linear,display,16.666666666666668,16.666666666666668,6
1934,linear,instagram,16.666666666666668,16.666666666666668,6
1934,linear,tiktok,16.666666666666668,16.666666666666668,6
1934,linear,google_search,16.666666666666668,16.666666666666668,6
1934,linear,display,16.666666666666668,16.666666666666668,6
1934,linear,display,16.666666666666668,16.666666666666668,6
1934,time_decay,display,1.5873015873015872,1.5873015873015872,6
1934,time_decay,instagram,3.1746031746031744,3.1746031746031744,6
1934,time_decay,tiktok,6.349206349206349,6.349206349206349,6
1934,time_decay,google_search,12.698412698412698,12.698412698412698,6
1934,time_decay,display,25.396825396825395,25.396825396825395,6
1934,time_decay,display,50.79365079365079,50.79365079365079,6
1934,position_based,display,40.0,40.0,6
1934,position_based,instagram,4.999999999999999,4.999999999999999,6
1934,position_based,tiktok,4.999999999999999,4.999999999999999,6
1934,position_based,google_search,4.999999999999999,4.999999999999999,6
1934,position_based,display,4.999999999999999,4.999999999999999,6
1934,position_based,display,40.0,40.0,6
1935,last_click,instagram,100.0,100.0,4
1935,linear,display,25.0,25.0,4
1935,linear,google_search,25.0,25.0,4
1935,linear,google_search,25.0,25.0,4
1935,linear,instagram,25.0,25.0,4
1935,time_decay,display,6.666666666666667,6.666666666666667,4
1935,time_decay,google_search,13.333333333333334,13.333333333333334,4
1935,time_decay,google_search,26.666666666666668,26.666666666666668,4
1935,time_decay,instagram,53.333333333333336,53.333333333333336,4
1935,position_based,display,40.0,40.0,4
1935,position_based,google_search,9.999999999999998,9.999999999999998,4
1935,position_based,google_search,9.999999999999998,9.999999999999998,4
1935,position_based,instagram,40.0,40.0,4
1938,last_click,organic,100.0,100.0,4
1938,linear,organic,25.0,25.0,4
1938,linear,tiktok,25.0,25.0,4
1938,linear,organic,25.0,25.0,4
1938,linear,organic,25.0,25.0,4
1938,time_decay,organic,6.666666666666667,6.666666666666667,4
1938,time_decay,tiktok,13.333333333333334,13.333333333333334,4
1938,time_decay,organic,26.666666666666668,26.666666666666668,4
1938,time_decay,organic,53.333333333333336,53.333333333333336,4
1938,position_based,organic,40.0,40.0,4
1938,position_based,tiktok,9.999999999999998,9.999999999999998,4
1938,position_based,organic,9.999999999999998,9.999999999999998,4
1938,position_based,organic,40.0,40.0,4
1944,last_click,organic,100.0,100.0,4
1944,linear,google_search,25.0,25.0,4
1944,linear,display,25.0,25.0,4
1944,linear,facebook,25.0,25.0,4
1944,linear,organic,25.0,25.0,4
1944,time_decay,google_search,6.666666666666667,6.666666666666667,4
1944,time_decay,display,13.333333333333334,13.333333333333334,4
1944,time_decay,facebook,26.666666666666668,26.666666666666668,4
1944,time_decay,organic,53.333333333333336,53.333333333333336,4
1944,position_based,google_search,40.0,40.0,4
1944,position_based,display,9.999999999999998,9.999999999999998,4
1944,position_based,facebook,9.999999999999998,9.999999999999998,4
1944,position_based,organic,40.0,40.0,4
1955,last_click,google_search,100.0,100.0,4
1955,linear,organic,25.0,25.0,4
1955,linear,display,25.0,25.0,4
1955,linear,google_search,25.0,25.0,4
1955,linear,google_search,25.0,25.0,4
1955,time_decay,organic,6.666666666666667,6.666666666666667,4
1955,time_decay,display,13.333333333333334,13.333333333333334,4
1955,time_decay,google_search,26.666666666666668,26.666666666666668,4
1955,time_decay,google_search,53.333333333333336,53.333333333333336,4
1955,position_based,organic,40.0,40.0,4
1955,position_based,display,9.999999999999998,9.999999999999998,4
1955,position_based,google_search,9.999999999999998,9.999999999999998,4
1955,position_based,google_search,40.0,40.0,4
1959,last_click,google_search,100.0,100.0,5
1959,linear,organic,20.0,20.0,5
1959,linear,google_search,20.0,20.0,5
1959,linear,facebook,20.0,20.0,5
1959,linear,display,20.0,20.0,5
1959,linear,google_search,20.0,20.0,5
1959,time_decay,organic,3.225806451612903,3.225806451612903,5
1959,time_decay,google_search,6.451612903225806,6.451612903225806,5
1959,time_decay,facebook,12.903225806451612,12.903225806451612,5
1959,time_decay,display,25.806451612903224,25.806451612903224,5
1959,time_decay,google_search,51.61290322580645,51.61290322580645,5
1959,position_based,organic,40.0,40.0,5
1959,position_based,google_search,6.666666666666665,6.666666666666665,5
1959,position_based,facebook,6.666666666666665,6.666666666666665,5
1959,position_based,display,6.666666666666665,6.666666666666665,5
1959,position_based,google_search,40.0,40.0,5
1962,last_click,tiktok,100.0,100.0,4
1962,linear,facebook,25.0,25.0,4
1962,linear,google_search,25.0,25.0,4
1962,linear,email,25.0,25.0,4
1962,linear,tiktok,25.0,25.0,4
1962,time_decay,facebook,6.666666666666667,6.666666666666667,4
1962,time_decay,google_search,13.333333333333334,13.333333333333334,4
1962,time_decay,email,26.666666666666668,26.666666666666668,4
1962,time_decay,tiktok,53.333333333333336,53.333333333333336,4
1962,position_based,facebook,40.0,40.0,4
1962,position_based,google_search,9.999999999999998,9.999999999999998,4
1962,position_based,email,9.999999999999998,9.999999999999998,4
1962,position_based,tiktok,40.0,40.0,4
1964,last_click,display,100.0,100.0,6
1964,linear,google_search,16.666666666666668,16.666666666666668,6
1964,linear,tiktok,16.666666666666668,16.666666666666668,6
1964,linear,instagram,16.666666666666668,16.666666666666668,6
1964,linear,instagram,16.666666666666668,16.666666666666668,6
1964,linear,google_search,16.666666666666668,16.666666666666668,6
1964,linear,display,16.666666666666668,16.666666666666668,6
1964,time_decay,google_search,1.5873015873015872,1.5873015873015872,6
1964,time_decay,tiktok,3.1746031746031744,3.1746031746031744,6
1964,time_decay,instagram,6.349206349206349,6.349206349206349,6
1964,time_decay,instagram,12.698412698412698,12.698412698412698,6
1964,time_decay,google_search,25.396825396825395,25.396825396825395,6
1964,time_decay,display,50.79365079365079,50.79365079365079,6
1964,position_based,google_search,40.0,40.0,6
1964,position_based,tiktok,4.999999999999999,4.999999999999999,6
1964,position_based,instagram,4.999999999999999,4.999999999999999,6
1964,position_based,instagram,4.999999999999999,4.999999999999999,6
1964,position_based,google_search,4.999999999999999,4.999999999999999,6
1964,position_based,display,40.0,40.0,6
1965,last_click,google_search,100.0,100.0,3
1965,linear,email,33.333333333333336,33.333333333333336,3
1965,linear,google_search,33.333333333333336,33.333333333333336,3
1965,linear,google_search,33.333333333333336,33.333333333333336,3
1965,time_decay,email,14.285714285714285,14.285714285714285,3
1965,time_decay,google_search,28.57142857142857,28.57142857142857,3
1965,time_decay,google_search,57.14285714285714,57.14285714285714,3
1965,position_based,email,40.0,40.0,3
1965,position_based,google_search,19.999999999999996,19.999999999999996,3
1965,position_based,google_search,40.0,40.0,3
1973,last_click,google_search,100.0,100.0,4
1973,linear,google_search,25.0,25.0,4
1973,linear,email,25.0,25.0,4
1973,linear,google_search,25.0,25.0,4
1973,linear,google_search,25.0,25.0,4
1973,time_decay,google_search,6.666666666666667,6.666666666666667,4
1973,time_decay,email,13.333333333333334,13.333333333333334,4
1973,time_decay,google_search,26.666666666666668,26.666666666666668,4
1973,time_decay,google_search,53.333333333333336,53.333333333333336,4
1973,position_based,google_search,40.0,40.0,4
1973,position_based,email,9.999999999999998,9.999999999999998,4
1973,position_based,google_search,9.999999999999998,9.999999999999998,4
1973,position_based,google_search,40.0,40.0,4
1979,last_click,organic,100.0,100.0,4
1979,linear,google_search,25.0,25.0,4
1979,linear,organic,25.0,25.0,4
1979,linear,instagram,25.0,25.0,4
1979,linear,organic,25.0,25.0,4
1979,time_decay,google_search,6.666666666666667,6.666666666666667,4
1979,time_decay,organic,13.333333333333334,13.333333333333334,4
1979,time_decay,instagram,26.666666666666668,26.666666666666668,4
1979,time_decay,organic,53.333333333333336,53.333333333333336,4
1979,position_based,google_search,40.0,40.0,4
1979,position_based,organic,9.999999999999998,9.999999999999998,4
1979,position_based,instagram,9.999999999999998,9.999999999999998,4
1979,position_based,organic,40.0,40.0,4
1991,last_click,email,100.0,100.0,7
1991,linear,display,14.285714285714286,14.285714285714286,7
1991,linear,google_search,14.285714285714286,14.285714285714286,7
1991,linear,email,14.285714285714286,14.285714285714286,7
1991,linear,facebook,14.285714285714286,14.285714285714286,7
1991,linear,instagram,14.285714285714286,14.285714285714286,7
1991,linear,organic,14.285714285714286,14.285714285714286,7
1991,linear,email,14.285714285714286,14.285714285714286,7
1991,time_decay,display,0.7874015748031495,0.7874015748031495,7
1991,time_decay,google_search,1.574803149606299,1.574803149606299,7
1991,time_decay,email,3.149606299212598,3.149606299212598,7
1991,time_decay,facebook,6.299212598425196,6.299212598425196,7
1991,time_decay,instagram,12.598425196850393,12.598425196850393,7
1991,time_decay,organic,25.196850393700785,25.196850393700785,7
1991,time_decay,email,50.39370078740157,50.39370078740157,7
1991,position_based,display,40.0,40.0,7
1991,position_based,google_search,3.999999999999999,3.9999999999999996,7
1991,position_based,email,3.999999999999999,3.9999999999999996,7
1991,position_based,facebook,3.999999999999999,3.9999999999999996,7
1991,position_based,instagram,3.999999999999999,3.9999999999999996,7
1991,position_based,organic,3.999999999999999,3.9999999999999996,7
1991,position_based,email,40.0,40.0,7
1992,last_click,google_search,100.0,100.0,4
1992,linear,email,25.0,25.0,4
1992,linear,organic,25.0,25.0,4
1992,linear,google_search,25.0,25.0,4
1992,linear,google_search,25.0,25.0,4
1992,time_decay,email,6.666666666666667,6.666666666666667,4
1992,time_decay,organic,13.333333333333334,13.333333333333334,4
1992,time_decay,google_search,26.666666666666668,26.666666666666668,4
1992,time_decay,google_search,53.333333333333336,53.333333333333336,4
1992,position_based,email,40.0,40.0,4
1992,position_based,organic,9.999999999999998,9.999999999999998,4
1992,position_based,google_search,9.999999999999998,9.999999999999998,4
1992,position_based,google_search,40.0,40.0,4
